"","sample_name","colony","FieldID","Treatment","dil.factor","DateExtracted","BQCVload","DWVload","DWVbinary","BQCVbinary","logDWV","logBQCV","PreLogDWV","PreDWVLoad","PreLogBQCV","PreBQCVLoad","Consumption_g","Consumption_mL","Imid_Consump","TimeStep","ImidConsumpTotal"
"1","I-1",6,"C.1","C",4.5,"3/2/16",20311972.7148362,221396.466718624,1,1,12.3077148570892,16.8267211082951,12.3459197692602,370090.104519189,15.7598022658003,9165254.96334269,0.274,0.222,0,3,0
"2","I-1",6,"C.1","C",4.5,"3/2/16",20311972.7148362,221396.466718624,1,1,12.3077148570892,16.8267211082951,12.3459197692602,370090.104519189,15.7598022658003,9165254.96334269,0.191,0.155,0,5,0
"3","I-1",6,"C.1","C",4.5,"3/2/16",20311972.7148362,221396.466718624,1,1,12.3077148570892,16.8267211082951,12.3459197692602,370090.104519189,15.7598022658003,9165254.96334269,0.202,0.164,0,2,0
"4","I-1",6,"C.1","C",4.5,"3/2/16",20311972.7148362,221396.466718624,1,1,12.3077148570892,16.8267211082951,12.3459197692602,370090.104519189,15.7598022658003,9165254.96334269,0.306,0.248,0,4,0
"5","I-1",6,"C.1","C",4.5,"3/2/16",20311972.7148362,221396.466718624,1,1,12.3077148570892,16.8267211082951,12.3459197692602,370090.104519189,15.7598022658003,9165254.96334269,0.216,0.175,0,1,0
"6","I-10",6,"20.5","20",4.4,"3/2/16",17370357.4891845,251821.849528357,1,1,12.4364811412265,16.6702757764145,12.3459197692602,370090.104519189,15.7598022658003,9165254.96334269,0.261,0.212,4.232443871,5,19.475728313
"7","I-10",6,"20.5","20",4.4,"3/2/16",17370357.4891845,251821.849528357,1,1,12.4364811412265,16.6702757764145,12.3459197692602,370090.104519189,15.7598022658003,9165254.96334269,0.229,0.186,3.71352355,4,19.475728313
"8","I-10",6,"20.5","20",4.4,"3/2/16",17370357.4891845,251821.849528357,1,1,12.4364811412265,16.6702757764145,12.3459197692602,370090.104519189,15.7598022658003,9165254.96334269,0.226,0.183,3.66487477,2,19.475728313
"9","I-10",6,"20.5","20",4.4,"3/2/16",17370357.4891845,251821.849528357,1,1,12.4364811412265,16.6702757764145,12.3459197692602,370090.104519189,15.7598022658003,9165254.96334269,0.266,0.216,4.313525172,3,19.475728313
"10","I-10",6,"20.5","20",4.4,"3/2/16",17370357.4891845,251821.849528357,1,1,12.4364811412265,16.6702757764145,12.3459197692602,370090.104519189,15.7598022658003,9165254.96334269,0.219,0.178,3.55136095,1,19.475728313
"11","I-11",6,"C.6","C",19.3,"12/9/16",3512197.4670025,0,0,1,0,15.0717527432459,12.3459197692602,370090.104519189,15.7598022658003,9165254.96334269,0.317,0.257,0,3,0
"12","I-11",6,"C.6","C",19.3,"12/9/16",3512197.4670025,0,0,1,0,15.0717527432459,12.3459197692602,370090.104519189,15.7598022658003,9165254.96334269,0.23,0.186,0,1,0
"13","I-11",6,"C.6","C",19.3,"12/9/16",3512197.4670025,0,0,1,0,15.0717527432459,12.3459197692602,370090.104519189,15.7598022658003,9165254.96334269,0.447,0.362,0,5,0
"14","I-11",6,"C.6","C",19.3,"12/9/16",3512197.4670025,0,0,1,0,15.0717527432459,12.3459197692602,370090.104519189,15.7598022658003,9165254.96334269,0.136,0.11,0,4,0
"15","I-11",6,"C.6","C",19.3,"12/9/16",3512197.4670025,0,0,1,0,15.0717527432459,12.3459197692602,370090.104519189,15.7598022658003,9165254.96334269,0.233,0.189,0,2,0
"16","I-12",7,"C.7","C",16.3,"12/9/16",3569485.59892764,0,0,1,0,15.08793233359,13.4712536876981,807859.875058322,15.6311804425861,6362363.06738221,0.2856,0.232,0,2,0
"17","I-12",7,"C.7","C",16.3,"12/9/16",3569485.59892764,0,0,1,0,15.08793233359,13.4712536876981,807859.875058322,15.6311804425861,6362363.06738221,0.184,0.149,0,4,0
"18","I-12",7,"C.7","C",16.3,"12/9/16",3569485.59892764,0,0,1,0,15.08793233359,13.4712536876981,807859.875058322,15.6311804425861,6362363.06738221,0.253,0.205,0,3,0
"19","I-12",7,"C.7","C",16.3,"12/9/16",3569485.59892764,0,0,1,0,15.08793233359,13.4712536876981,807859.875058322,15.6311804425861,6362363.06738221,0.345,0.28,0,5,0
"20","I-12",7,"C.7","C",16.3,"12/9/16",3569485.59892764,0,0,1,0,15.08793233359,13.4712536876981,807859.875058322,15.6311804425861,6362363.06738221,0.157,0.127,0,1,0
"21","I-13",7,"C.8","C",23.3,"12/9/16",4078782.51475669,0,0,1,0,15.2213093437745,13.4712536876981,807859.875058322,15.6311804425861,6362363.06738221,0.308,0.25,0,3,0
"22","I-13",7,"C.8","C",23.3,"12/9/16",4078782.51475669,0,0,1,0,15.2213093437745,13.4712536876981,807859.875058322,15.6311804425861,6362363.06738221,0.249,0.202,0,1,0
"23","I-13",7,"C.8","C",23.3,"12/9/16",4078782.51475669,0,0,1,0,15.2213093437745,13.4712536876981,807859.875058322,15.6311804425861,6362363.06738221,0.4,0.324,0,4,0
"24","I-13",7,"C.8","C",23.3,"12/9/16",4078782.51475669,0,0,1,0,15.2213093437745,13.4712536876981,807859.875058322,15.6311804425861,6362363.06738221,0.416,0.337,0,2,0
"25","I-13",7,"C.8","C",23.3,"12/9/16",4078782.51475669,0,0,1,0,15.2213093437745,13.4712536876981,807859.875058322,15.6311804425861,6362363.06738221,0.291,0.236,0,5,0
"26","I-14",7,"C.9","C",13.9,"12/9/16",18360123.9451482,0,0,1,0,16.7256917484248,13.4712536876981,807859.875058322,15.6311804425861,6362363.06738221,0.436,0.354,0,1,0
"27","I-14",7,"C.9","C",13.9,"12/9/16",18360123.9451482,0,0,1,0,16.7256917484248,13.4712536876981,807859.875058322,15.6311804425861,6362363.06738221,0.312,0.253,0,5,0
"28","I-14",7,"C.9","C",13.9,"12/9/16",18360123.9451482,0,0,1,0,16.7256917484248,13.4712536876981,807859.875058322,15.6311804425861,6362363.06738221,0.456,0.37,0,4,0
"29","I-14",7,"C.9","C",13.9,"12/9/16",18360123.9451482,0,0,1,0,16.7256917484248,13.4712536876981,807859.875058322,15.6311804425861,6362363.06738221,0.551,0.447,0,2,0
"30","I-14",7,"C.9","C",13.9,"12/9/16",18360123.9451482,0,0,1,0,16.7256917484248,13.4712536876981,807859.875058322,15.6311804425861,6362363.06738221,0.374,0.303,0,3,0
"31","I-15",7,"C.10","C",18.1,"12/9/16",5481715.72808151,0,0,1,0,15.5169288814126,13.4712536876981,807859.875058322,15.6311804425861,6362363.06738221,0.314,0.255,0,3,0
"32","I-15",7,"C.10","C",18.1,"12/9/16",5481715.72808151,0,0,1,0,15.5169288814126,13.4712536876981,807859.875058322,15.6311804425861,6362363.06738221,0.331,0.268,0,5,0
"33","I-15",7,"C.10","C",18.1,"12/9/16",5481715.72808151,0,0,1,0,15.5169288814126,13.4712536876981,807859.875058322,15.6311804425861,6362363.06738221,0.146,0.118,0,1,0
"34","I-15",7,"C.10","C",18.1,"12/9/16",5481715.72808151,0,0,1,0,15.5169288814126,13.4712536876981,807859.875058322,15.6311804425861,6362363.06738221,0.232,0.188,0,4,0
"35","I-15",7,"C.10","C",18.1,"12/9/16",5481715.72808151,0,0,1,0,15.5169288814126,13.4712536876981,807859.875058322,15.6311804425861,6362363.06738221,0.424,0.344,0,2,0
"36","I-16",7,"C.11","C",45.1,"12/9/16",10967565.2600782,97047.9013800076,1,1,11.4829702683889,16.2104529534976,13.4712536876981,807859.875058322,15.6311804425861,6362363.06738221,0.484,0.392,0,5,0
"37","I-16",7,"C.11","C",45.1,"12/9/16",10967565.2600782,97047.9013800076,1,1,11.4829702683889,16.2104529534976,13.4712536876981,807859.875058322,15.6311804425861,6362363.06738221,0.62,0.503,0,3,0
"38","I-16",7,"C.11","C",45.1,"12/9/16",10967565.2600782,97047.9013800076,1,1,11.4829702683889,16.2104529534976,13.4712536876981,807859.875058322,15.6311804425861,6362363.06738221,0.514,0.417,0,1,0
"39","I-16",7,"C.11","C",45.1,"12/9/16",10967565.2600782,97047.9013800076,1,1,11.4829702683889,16.2104529534976,13.4712536876981,807859.875058322,15.6311804425861,6362363.06738221,0.597,0.484,0,2,0
"40","I-16",7,"C.11","C",45.1,"12/9/16",10967565.2600782,97047.9013800076,1,1,11.4829702683889,16.2104529534976,13.4712536876981,807859.875058322,15.6311804425861,6362363.06738221,0.253,0.205,0,4,0
"41","I-17",7,"C.12","C",25.4,"12/9/16",5052909.33212721,118075.62746743,1,1,11.6790890780056,15.435474938644,13.4712536876981,807859.875058322,15.6311804425861,6362363.06738221,0.373,0.302,0,3,0
"42","I-17",7,"C.12","C",25.4,"12/9/16",5052909.33212721,118075.62746743,1,1,11.6790890780056,15.435474938644,13.4712536876981,807859.875058322,15.6311804425861,6362363.06738221,0.2693,0.218,0,2,0
"43","I-17",7,"C.12","C",25.4,"12/9/16",5052909.33212721,118075.62746743,1,1,11.6790890780056,15.435474938644,13.4712536876981,807859.875058322,15.6311804425861,6362363.06738221,0.301,0.244,0,4,0
"44","I-17",7,"C.12","C",25.4,"12/9/16",5052909.33212721,118075.62746743,1,1,11.6790890780056,15.435474938644,13.4712536876981,807859.875058322,15.6311804425861,6362363.06738221,0.289,0.234,0,1,0
"45","I-17",7,"C.12","C",25.4,"12/9/16",5052909.33212721,118075.62746743,1,1,11.6790890780056,15.435474938644,13.4712536876981,807859.875058322,15.6311804425861,6362363.06738221,0.332,0.269,0,5,0
"46","I-18",7,"C.13","C",43.4,"12/9/16",2310276.87201891,0,0,1,0,14.6528783661809,13.4712536876981,807859.875058322,15.6311804425861,6362363.06738221,0.248,0.201,0,5,0
"47","I-18",7,"C.13","C",43.4,"12/9/16",2310276.87201891,0,0,1,0,14.6528783661809,13.4712536876981,807859.875058322,15.6311804425861,6362363.06738221,0.316,0.256,0,4,0
"48","I-18",7,"C.13","C",43.4,"12/9/16",2310276.87201891,0,0,1,0,14.6528783661809,13.4712536876981,807859.875058322,15.6311804425861,6362363.06738221,0.343,0.278,0,3,0
"49","I-18",7,"C.13","C",43.4,"12/9/16",2310276.87201891,0,0,1,0,14.6528783661809,13.4712536876981,807859.875058322,15.6311804425861,6362363.06738221,0.238,0.193,0,1,0
"50","I-18",7,"C.13","C",43.4,"12/9/16",2310276.87201891,0,0,1,0,14.6528783661809,13.4712536876981,807859.875058322,15.6311804425861,6362363.06738221,0.3676,0.298,0,2,0
"51","I-19",8,"C.14","C",28,"12/9/16",3162038.01748385,0,0,1,0,14.9667276361706,12.3316284823025,255931.74501726,15.0337497244691,3539671.48902413,0.295,0.239,0,2,0
"52","I-19",8,"C.14","C",28,"12/9/16",3162038.01748385,0,0,1,0,14.9667276361706,12.3316284823025,255931.74501726,15.0337497244691,3539671.48902413,0.172,0.139,0,5,0
"53","I-19",8,"C.14","C",28,"12/9/16",3162038.01748385,0,0,1,0,14.9667276361706,12.3316284823025,255931.74501726,15.0337497244691,3539671.48902413,0.265,0.215,0,3,0
"54","I-19",8,"C.14","C",28,"12/9/16",3162038.01748385,0,0,1,0,14.9667276361706,12.3316284823025,255931.74501726,15.0337497244691,3539671.48902413,0.217,0.176,0,4,0
"55","I-19",8,"C.14","C",28,"12/9/16",3162038.01748385,0,0,1,0,14.9667276361706,12.3316284823025,255931.74501726,15.0337497244691,3539671.48902413,0.178,0.144,0,1,0
"56","I-2",6,"C.2","C",3.8,"3/2/16",10960470.9866079,133900.960503567,1,1,11.8048631731222,16.2098059030284,12.3459197692602,370090.104519189,15.7598022658003,9165254.96334269,0.405,0.328,0,2,0
"57","I-2",6,"C.2","C",3.8,"3/2/16",10960470.9866079,133900.960503567,1,1,11.8048631731222,16.2098059030284,12.3459197692602,370090.104519189,15.7598022658003,9165254.96334269,0.242,0.196,0,4,0
"58","I-2",6,"C.2","C",3.8,"3/2/16",10960470.9866079,133900.960503567,1,1,11.8048631731222,16.2098059030284,12.3459197692602,370090.104519189,15.7598022658003,9165254.96334269,0.341,0.276,0,5,0
"59","I-2",6,"C.2","C",3.8,"3/2/16",10960470.9866079,133900.960503567,1,1,11.8048631731222,16.2098059030284,12.3459197692602,370090.104519189,15.7598022658003,9165254.96334269,0.368,0.298,0,3,0
"60","I-2",6,"C.2","C",3.8,"3/2/16",10960470.9866079,133900.960503567,1,1,11.8048631731222,16.2098059030284,12.3459197692602,370090.104519189,15.7598022658003,9165254.96334269,0.341,0.276,0,1,0
"61","I-20",8,"C.17","C",30.2,"12/9/16",8139160.28111509,0,0,1,0,15.912197695952,12.3316284823025,255931.74501726,15.0337497244691,3539671.48902413,0.289,0.234,0,4,0
"62","I-20",8,"C.17","C",30.2,"12/9/16",8139160.28111509,0,0,1,0,15.912197695952,12.3316284823025,255931.74501726,15.0337497244691,3539671.48902413,0.381,0.309,0,5,0
"63","I-20",8,"C.17","C",30.2,"12/9/16",8139160.28111509,0,0,1,0,15.912197695952,12.3316284823025,255931.74501726,15.0337497244691,3539671.48902413,0.402,0.326,0,2,0
"64","I-20",8,"C.17","C",30.2,"12/9/16",8139160.28111509,0,0,1,0,15.912197695952,12.3316284823025,255931.74501726,15.0337497244691,3539671.48902413,0.463,0.375,0,1,0
"65","I-20",8,"C.17","C",30.2,"12/9/16",8139160.28111509,0,0,1,0,15.912197695952,12.3316284823025,255931.74501726,15.0337497244691,3539671.48902413,0.38,0.308,0,3,0
"66","I-21",8,"C.18","C",26.1,"12/9/16",1070511.24516377,0,0,1,0,13.8836478256795,12.3316284823025,255931.74501726,15.0337497244691,3539671.48902413,0.296,0.24,0,5,0
"67","I-21",8,"C.18","C",26.1,"12/9/16",1070511.24516377,0,0,1,0,13.8836478256795,12.3316284823025,255931.74501726,15.0337497244691,3539671.48902413,0.337,0.273,0,4,0
"68","I-21",8,"C.18","C",26.1,"12/9/16",1070511.24516377,0,0,1,0,13.8836478256795,12.3316284823025,255931.74501726,15.0337497244691,3539671.48902413,0.349,0.283,0,3,0
"69","I-21",8,"C.18","C",26.1,"12/9/16",1070511.24516377,0,0,1,0,13.8836478256795,12.3316284823025,255931.74501726,15.0337497244691,3539671.48902413,0.107,0.087,0,1,0
"70","I-21",8,"C.18","C",26.1,"12/9/16",1070511.24516377,0,0,1,0,13.8836478256795,12.3316284823025,255931.74501726,15.0337497244691,3539671.48902413,0.252,0.204,0,2,0
"71","I-22",8,"C.19","C",11.4,"12/9/16",3525534.27561421,0,0,1,0,15.0755428339383,12.3316284823025,255931.74501726,15.0337497244691,3539671.48902413,0.137,0.111,0,2,0
"72","I-22",8,"C.19","C",11.4,"12/9/16",3525534.27561421,0,0,1,0,15.0755428339383,12.3316284823025,255931.74501726,15.0337497244691,3539671.48902413,0.29,0.235,0,3,0
"73","I-22",8,"C.19","C",11.4,"12/9/16",3525534.27561421,0,0,1,0,15.0755428339383,12.3316284823025,255931.74501726,15.0337497244691,3539671.48902413,0.295,0.239,0,4,0
"74","I-22",8,"C.19","C",11.4,"12/9/16",3525534.27561421,0,0,1,0,15.0755428339383,12.3316284823025,255931.74501726,15.0337497244691,3539671.48902413,0.4142,0.336,0,1,0
"75","I-22",8,"C.19","C",11.4,"12/9/16",3525534.27561421,0,0,1,0,15.0755428339383,12.3316284823025,255931.74501726,15.0337497244691,3539671.48902413,0.301,0.244,0,5,0
"76","I-23",8,"C.20","C",26.3,"12/9/16",2451250.54488107,37262.1233274864,1,1,10.5257594658568,14.7121092867346,12.3316284823025,255931.74501726,15.0337497244691,3539671.48902413,0.56,0.454,0,3,0
"77","I-23",8,"C.20","C",26.3,"12/9/16",2451250.54488107,37262.1233274864,1,1,10.5257594658568,14.7121092867346,12.3316284823025,255931.74501726,15.0337497244691,3539671.48902413,0.588,0.477,0,2,0
"78","I-23",8,"C.20","C",26.3,"12/9/16",2451250.54488107,37262.1233274864,1,1,10.5257594658568,14.7121092867346,12.3316284823025,255931.74501726,15.0337497244691,3539671.48902413,0.272,0.221,0,1,0
"79","I-23",8,"C.20","C",26.3,"12/9/16",2451250.54488107,37262.1233274864,1,1,10.5257594658568,14.7121092867346,12.3316284823025,255931.74501726,15.0337497244691,3539671.48902413,0.443,0.359,0,4,0
"80","I-23",8,"C.20","C",26.3,"12/9/16",2451250.54488107,37262.1233274864,1,1,10.5257594658568,14.7121092867346,12.3316284823025,255931.74501726,15.0337497244691,3539671.48902413,0.26,0.211,0,5,0
"81","I-24",6,"20.6","20",18.8,"12/9/16",4887664.60507977,0,0,1,0,15.402225366094,12.3459197692602,370090.104519189,15.7598022658003,9165254.96334269,0.084,0.068,1.362165844,1,13.427063317
"82","I-24",6,"20.6","20",18.8,"12/9/16",4887664.60507977,0,0,1,0,15.402225366094,12.3459197692602,370090.104519189,15.7598022658003,9165254.96334269,0.131,0.106,2.124330066,5,13.427063317
"83","I-24",6,"20.6","20",18.8,"12/9/16",4887664.60507977,0,0,1,0,15.402225366094,12.3459197692602,370090.104519189,15.7598022658003,9165254.96334269,0.12,0.097,1.945951205,3,13.427063317
"84","I-24",6,"20.6","20",18.8,"12/9/16",4887664.60507977,0,0,1,0,15.402225366094,12.3459197692602,370090.104519189,15.7598022658003,9165254.96334269,0.253,0.205,4.102713791,4,13.427063317
"85","I-24",6,"20.6","20",18.8,"12/9/16",4887664.60507977,0,0,1,0,15.402225366094,12.3459197692602,370090.104519189,15.7598022658003,9165254.96334269,0.24,0.195,3.891902411,2,13.427063317
"86","I-25",6,"20.7","20",17.9,"12/9/16",3269213.10213065,0,0,1,0,15.0000601782483,12.3459197692602,370090.104519189,15.7598022658003,9165254.96334269,0.172,0.139,2.789196728,1,13.864902338
"87","I-25",6,"20.7","20",17.9,"12/9/16",3269213.10213065,0,0,1,0,15.0000601782483,12.3459197692602,370090.104519189,15.7598022658003,9165254.96334269,0.197,0.16,3.194603229,3,13.864902338
"88","I-25",6,"20.7","20",17.9,"12/9/16",3269213.10213065,0,0,1,0,15.0000601782483,12.3459197692602,370090.104519189,15.7598022658003,9165254.96334269,0.138,0.112,2.237843886,4,13.864902338
"89","I-25",6,"20.7","20",17.9,"12/9/16",3269213.10213065,0,0,1,0,15.0000601782483,12.3459197692602,370090.104519189,15.7598022658003,9165254.96334269,0.209,0.169,3.389198349,2,13.864902338
"90","I-25",6,"20.7","20",17.9,"12/9/16",3269213.10213065,0,0,1,0,15.0000601782483,12.3459197692602,370090.104519189,15.7598022658003,9165254.96334269,0.139,0.113,2.254060146,5,13.864902338
"91","I-26",7,"20.8","20",15.4,"12/9/16",3506024.33670176,0,0,1,0,15.0699935711063,13.4712536876981,807859.875058322,15.6311804425861,6362363.06738221,0.155,0.126,2.513520307,4,14.108146238
"92","I-26",7,"20.8","20",15.4,"12/9/16",3506024.33670176,0,0,1,0,15.0699935711063,13.4712536876981,807859.875058322,15.6311804425861,6362363.06738221,0.152,0.123,2.464871527,3,14.108146238
"93","I-26",7,"20.8","20",15.4,"12/9/16",3506024.33670176,0,0,1,0,15.0699935711063,13.4712536876981,807859.875058322,15.6311804425861,6362363.06738221,0.211,0.171,3.421630869,5,14.108146238
"94","I-26",7,"20.8","20",15.4,"12/9/16",3506024.33670176,0,0,1,0,15.0699935711063,13.4712536876981,807859.875058322,15.6311804425861,6362363.06738221,0.191,0.155,3.097305668,2,14.108146238
"95","I-26",7,"20.8","20",15.4,"12/9/16",3506024.33670176,0,0,1,0,15.0699935711063,13.4712536876981,807859.875058322,15.6311804425861,6362363.06738221,0.161,0.131,2.610817867,1,14.108146238
"96","I-27",7,"20.9","20",16.6,"12/9/16",591355.913144274,0,0,1,0,13.2901750280553,13.4712536876981,807859.875058322,15.6311804425861,6362363.06738221,0.176,0.143,2.854061768,1,13.783821038
"97","I-27",7,"20.9","20",16.6,"12/9/16",591355.913144274,0,0,1,0,13.2901750280553,13.4712536876981,807859.875058322,15.6311804425861,6362363.06738221,0.17,0.138,2.756764207,2,13.783821038
"98","I-27",7,"20.9","20",16.6,"12/9/16",591355.913144274,0,0,1,0,13.2901750280553,13.4712536876981,807859.875058322,15.6311804425861,6362363.06738221,0.158,0.128,2.562169087,5,13.783821038
"99","I-27",7,"20.9","20",16.6,"12/9/16",591355.913144274,0,0,1,0,13.2901750280553,13.4712536876981,807859.875058322,15.6311804425861,6362363.06738221,0.173,0.14,2.805412988,4,13.783821038
"100","I-27",7,"20.9","20",16.6,"12/9/16",591355.913144274,0,0,1,0,13.2901750280553,13.4712536876981,807859.875058322,15.6311804425861,6362363.06738221,0.173,0.14,2.805412988,3,13.783821038
"101","I-28",7,"20.1","20",22.5,"12/9/16",711063.603585511,0,0,1,0,13.4745185676471,13.4712536876981,807859.875058322,15.6311804425861,6362363.06738221,0.215,0.174,3.486495909,5,15.27571696
"102","I-28",7,"20.1","20",22.5,"12/9/16",711063.603585511,0,0,1,0,13.4745185676471,13.4712536876981,807859.875058322,15.6311804425861,6362363.06738221,0.189,0.153,3.064873148,2,15.27571696
"103","I-28",7,"20.1","20",22.5,"12/9/16",711063.603585511,0,0,1,0,13.4745185676471,13.4712536876981,807859.875058322,15.6311804425861,6362363.06738221,0.188,0.152,3.048656888,3,15.27571696
"104","I-28",7,"20.1","20",22.5,"12/9/16",711063.603585511,0,0,1,0,13.4745185676471,13.4712536876981,807859.875058322,15.6311804425861,6362363.06738221,0.161,0.131,2.610817867,4,15.27571696
"105","I-28",7,"20.1","20",22.5,"12/9/16",711063.603585511,0,0,1,0,13.4745185676471,13.4712536876981,807859.875058322,15.6311804425861,6362363.06738221,0.189,0.153,3.064873148,1,15.27571696
"106","I-29",7,"20.11","20",15.6,"12/9/16",1611249.34322441,50534.0945236091,1,1,10.8304233149653,14.292521046253,13.4712536876981,807859.875058322,15.6311804425861,6362363.06738221,0.182,0.148,2.951359328,2,15.956799883
"107","I-29",7,"20.11","20",15.6,"12/9/16",1611249.34322441,50534.0945236091,1,1,10.8304233149653,14.292521046253,13.4712536876981,807859.875058322,15.6311804425861,6362363.06738221,0.23,0.186,3.72973981,3,15.956799883
"108","I-29",7,"20.11","20",15.6,"12/9/16",1611249.34322441,50534.0945236091,1,1,10.8304233149653,14.292521046253,13.4712536876981,807859.875058322,15.6311804425861,6362363.06738221,0.173,0.14,2.805412988,5,15.956799883
"109","I-29",7,"20.11","20",15.6,"12/9/16",1611249.34322441,50534.0945236091,1,1,10.8304233149653,14.292521046253,13.4712536876981,807859.875058322,15.6311804425861,6362363.06738221,0.235,0.191,3.81082111,4,15.956799883
"110","I-29",7,"20.11","20",15.6,"12/9/16",1611249.34322441,50534.0945236091,1,1,10.8304233149653,14.292521046253,13.4712536876981,807859.875058322,15.6311804425861,6362363.06738221,0.164,0.133,2.659466647,1,15.956799883
"111","I-3",6,"C.3","C",2.8,"3/2/16",15678477.4178434,135470.365932896,1,1,11.8165155754419,16.5677995284995,12.3459197692602,370090.104519189,15.7598022658003,9165254.96334269,0.364,0.295,0,4,0
"112","I-3",6,"C.3","C",2.8,"3/2/16",15678477.4178434,135470.365932896,1,1,11.8165155754419,16.5677995284995,12.3459197692602,370090.104519189,15.7598022658003,9165254.96334269,0.289,0.234,0,1,0
"113","I-3",6,"C.3","C",2.8,"3/2/16",15678477.4178434,135470.365932896,1,1,11.8165155754419,16.5677995284995,12.3459197692602,370090.104519189,15.7598022658003,9165254.96334269,0.299,0.242,0,5,0
"114","I-3",6,"C.3","C",2.8,"3/2/16",15678477.4178434,135470.365932896,1,1,11.8165155754419,16.5677995284995,12.3459197692602,370090.104519189,15.7598022658003,9165254.96334269,0.278,0.225,0,3,0
"115","I-3",6,"C.3","C",2.8,"3/2/16",15678477.4178434,135470.365932896,1,1,11.8165155754419,16.5677995284995,12.3459197692602,370090.104519189,15.7598022658003,9165254.96334269,0.351,0.285,0,2,0
"116","I-30",7,"20.12","20",12.6,"12/9/16",354989.586820995,0,0,1,0,12.7798465521088,13.4712536876981,807859.875058322,15.6311804425861,6362363.06738221,0.322,0.261,5.221635734,1,17.059505565
"117","I-30",7,"20.12","20",12.6,"12/9/16",354989.586820995,0,0,1,0,12.7798465521088,13.4712536876981,807859.875058322,15.6311804425861,6362363.06738221,0.25,0.203,4.054065011,3,17.059505565
"118","I-30",7,"20.12","20",12.6,"12/9/16",354989.586820995,0,0,1,0,12.7798465521088,13.4712536876981,807859.875058322,15.6311804425861,6362363.06738221,0.124,0.101,2.010816245,2,17.059505565
"119","I-30",7,"20.12","20",12.6,"12/9/16",354989.586820995,0,0,1,0,12.7798465521088,13.4712536876981,807859.875058322,15.6311804425861,6362363.06738221,0.215,0.174,3.486495909,5,17.059505565
"120","I-30",7,"20.12","20",12.6,"12/9/16",354989.586820995,0,0,1,0,12.7798465521088,13.4712536876981,807859.875058322,15.6311804425861,6362363.06738221,0.141,0.114,2.286492666,4,17.059505565
"121","I-31",7,"20.13","20",25.4,"12/9/16",1967606.73612679,67562.6496710906,1,1,11.1208253906452,14.4923290156535,13.4712536876981,807859.875058322,15.6311804425861,6362363.06738221,0.238,0.193,3.85946989,4,14.335173878
"122","I-31",7,"20.13","20",25.4,"12/9/16",1967606.73612679,67562.6496710906,1,1,11.1208253906452,14.4923290156535,13.4712536876981,807859.875058322,15.6311804425861,6362363.06738221,0.111,0.09,1.800004865,5,14.335173878
"123","I-31",7,"20.13","20",25.4,"12/9/16",1967606.73612679,67562.6496710906,1,1,11.1208253906452,14.4923290156535,13.4712536876981,807859.875058322,15.6311804425861,6362363.06738221,0.123,0.1,1.994599985,1,14.335173878
"124","I-31",7,"20.13","20",25.4,"12/9/16",1967606.73612679,67562.6496710906,1,1,11.1208253906452,14.4923290156535,13.4712536876981,807859.875058322,15.6311804425861,6362363.06738221,0.222,0.18,3.60000973,3,14.335173878
"125","I-31",7,"20.13","20",25.4,"12/9/16",1967606.73612679,67562.6496710906,1,1,11.1208253906452,14.4923290156535,13.4712536876981,807859.875058322,15.6311804425861,6362363.06738221,0.19,0.154,3.081089408,2,14.335173878
"126","I-32",7,"20.14","20",26.2,"12/9/16",1186172.23625938,34353.8718653991,1,1,10.4444991177362,13.9862429155453,13.4712536876981,807859.875058322,15.6311804425861,6362363.06738221,0.14,0.114,2.270276406,1,14.64328282
"127","I-32",7,"20.14","20",26.2,"12/9/16",1186172.23625938,34353.8718653991,1,1,10.4444991177362,13.9862429155453,13.4712536876981,807859.875058322,15.6311804425861,6362363.06738221,0.094,0.076,1.524328444,2,14.64328282
"128","I-32",7,"20.14","20",26.2,"12/9/16",1186172.23625938,34353.8718653991,1,1,10.4444991177362,13.9862429155453,13.4712536876981,807859.875058322,15.6311804425861,6362363.06738221,0.223,0.181,3.61622599,3,14.64328282
"129","I-32",7,"20.14","20",26.2,"12/9/16",1186172.23625938,34353.8718653991,1,1,10.4444991177362,13.9862429155453,13.4712536876981,807859.875058322,15.6311804425861,6362363.06738221,0.246,0.199,3.989199971,5,14.64328282
"130","I-32",7,"20.14","20",26.2,"12/9/16",1186172.23625938,34353.8718653991,1,1,10.4444991177362,13.9862429155453,13.4712536876981,807859.875058322,15.6311804425861,6362363.06738221,0.2,0.162,3.243252009,4,14.64328282
"131","I-33",7,"20.15","20",19.1,"12/9/16",762307.209574296,39533.5633369938,1,1,10.5849305894711,13.544106227398,13.4712536876981,807859.875058322,15.6311804425861,6362363.06738221,0.134,0.109,2.172978846,1,42.810926512
"132","I-33",7,"20.15","20",19.1,"12/9/16",762307.209574296,39533.5633369938,1,1,10.5849305894711,13.544106227398,13.4712536876981,807859.875058322,15.6311804425861,6362363.06738221,0.139,0.113,2.254060146,4,42.810926512
"133","I-33",7,"20.15","20",19.1,"12/9/16",762307.209574296,39533.5633369938,1,1,10.5849305894711,13.544106227398,13.4712536876981,807859.875058322,15.6311804425861,6362363.06738221,0.256,0.208,4.151362571,2,42.810926512
"134","I-33",7,"20.15","20",19.1,"12/9/16",762307.209574296,39533.5633369938,1,1,10.5849305894711,13.544106227398,13.4712536876981,807859.875058322,15.6311804425861,6362363.06738221,0.204,0.165,3.308117049,5,42.810926512
"135","I-33",7,"20.15","20",19.1,"12/9/16",762307.209574296,39533.5633369938,1,1,10.5849305894711,13.544106227398,13.4712536876981,807859.875058322,15.6311804425861,6362363.06738221,1.907,1.546,30.9244079,3,42.810926512
"136","I-34",7,"20.17","20",20.1,"12/9/16",672984.004713474,0,0,1,0,13.4194783271208,13.4712536876981,807859.875058322,15.6311804425861,6362363.06738221,0.21,0.17,3.405414609,5,18.45410393
"137","I-34",7,"20.17","20",20.1,"12/9/16",672984.004713474,0,0,1,0,13.4194783271208,13.4712536876981,807859.875058322,15.6311804425861,6362363.06738221,0.201,0.163,3.259468269,4,18.45410393
"138","I-34",7,"20.17","20",20.1,"12/9/16",672984.004713474,0,0,1,0,13.4194783271208,13.4712536876981,807859.875058322,15.6311804425861,6362363.06738221,0.232,0.188,3.76217233,2,18.45410393
"139","I-34",7,"20.17","20",20.1,"12/9/16",672984.004713474,0,0,1,0,13.4194783271208,13.4712536876981,807859.875058322,15.6311804425861,6362363.06738221,0.222,0.18,3.60000973,1,18.45410393
"140","I-34",7,"20.17","20",20.1,"12/9/16",672984.004713474,0,0,1,0,13.4194783271208,13.4712536876981,807859.875058322,15.6311804425861,6362363.06738221,0.273,0.221,4.427038992,3,18.45410393
"141","I-35",8,"20.18","20",20.6,"12/9/16",248844.663045643,0,0,1,0,12.4245881561487,12.3316284823025,255931.74501726,15.0337497244691,3539671.48902413,0.177,0.144,2.870278028,4,15.275716962
"142","I-35",8,"20.18","20",20.6,"12/9/16",248844.663045643,0,0,1,0,12.4245881561487,12.3316284823025,255931.74501726,15.0337497244691,3539671.48902413,0.197,0.16,3.194603229,5,15.275716962
"143","I-35",8,"20.18","20",20.6,"12/9/16",248844.663045643,0,0,1,0,12.4245881561487,12.3316284823025,255931.74501726,15.0337497244691,3539671.48902413,0.256,0.208,4.151362571,2,15.275716962
"144","I-35",8,"20.18","20",20.6,"12/9/16",248844.663045643,0,0,1,0,12.4245881561487,12.3316284823025,255931.74501726,15.0337497244691,3539671.48902413,0.151,0.122,2.448655267,3,15.275716962
"145","I-35",8,"20.18","20",20.6,"12/9/16",248844.663045643,0,0,1,0,12.4245881561487,12.3316284823025,255931.74501726,15.0337497244691,3539671.48902413,0.161,0.131,2.610817867,1,15.275716962
"146","I-36",8,"20.19","20",25.8,"12/9/16",1447455.4338967,0,0,1,0,14.1853183904957,12.3316284823025,255931.74501726,15.0337497244691,3539671.48902413,0.2,0.162,3.243252009,2,13.216251935
"147","I-36",8,"20.19","20",25.8,"12/9/16",1447455.4338967,0,0,1,0,14.1853183904957,12.3316284823025,255931.74501726,15.0337497244691,3539671.48902413,0.108,0.088,1.751356085,1,13.216251935
"148","I-36",8,"20.19","20",25.8,"12/9/16",1447455.4338967,0,0,1,0,14.1853183904957,12.3316284823025,255931.74501726,15.0337497244691,3539671.48902413,0.145,0.118,2.351357706,4,13.216251935
"149","I-36",8,"20.19","20",25.8,"12/9/16",1447455.4338967,0,0,1,0,14.1853183904957,12.3316284823025,255931.74501726,15.0337497244691,3539671.48902413,0.169,0.137,2.740547947,3,13.216251935
"150","I-36",8,"20.19","20",25.8,"12/9/16",1447455.4338967,0,0,1,0,14.1853183904957,12.3316284823025,255931.74501726,15.0337497244691,3539671.48902413,0.193,0.156,3.129738188,5,13.216251935
"151","I-37",8,"20.2","20",14.3,"12/9/16",2239859.24195688,0,0,1,0,14.6219240299012,12.3316284823025,255931.74501726,15.0337497244691,3539671.48902413,0.191,0.155,3.097305668,4,16.929775485
"152","I-37",8,"20.2","20",14.3,"12/9/16",2239859.24195688,0,0,1,0,14.6219240299012,12.3316284823025,255931.74501726,15.0337497244691,3539671.48902413,0.196,0.159,3.178386969,1,16.929775485
"153","I-37",8,"20.2","20",14.3,"12/9/16",2239859.24195688,0,0,1,0,14.6219240299012,12.3316284823025,255931.74501726,15.0337497244691,3539671.48902413,0.167,0.135,2.708115427,3,16.929775485
"154","I-37",8,"20.2","20",14.3,"12/9/16",2239859.24195688,0,0,1,0,14.6219240299012,12.3316284823025,255931.74501726,15.0337497244691,3539671.48902413,0.252,0.204,4.086497531,5,16.929775485
"155","I-37",8,"20.2","20",14.3,"12/9/16",2239859.24195688,0,0,1,0,14.6219240299012,12.3316284823025,255931.74501726,15.0337497244691,3539671.48902413,0.238,0.193,3.85946989,2,16.929775485
"156","I-38",6,"1.1","1",23.4,"6/20/16",2361531.40610474,0,0,1,0,14.6748212909024,12.3459197692602,370090.104519189,15.7598022658003,9165254.96334269,0.432,0.35,0.350271217,3,1.470814787
"157","I-38",6,"1.1","1",23.4,"6/20/16",2361531.40610474,0,0,1,0,14.6748212909024,12.3459197692602,370090.104519189,15.7598022658003,9165254.96334269,0.321,0.26,0.260270974,4,1.470814787
"158","I-38",6,"1.1","1",23.4,"6/20/16",2361531.40610474,0,0,1,0,14.6748212909024,12.3459197692602,370090.104519189,15.7598022658003,9165254.96334269,0.401,0.325,0.325136014,2,1.470814787
"159","I-38",6,"1.1","1",23.4,"6/20/16",2361531.40610474,0,0,1,0,14.6748212909024,12.3459197692602,370090.104519189,15.7598022658003,9165254.96334269,0.26,0.211,0.210811381,5,1.470814787
"160","I-38",6,"1.1","1",23.4,"6/20/16",2361531.40610474,0,0,1,0,14.6748212909024,12.3459197692602,370090.104519189,15.7598022658003,9165254.96334269,0.4,0.324,0.324325201,1,1.470814787
"161","I-39",7,"0.1.11","0.1",17.6,"6/20/16",988052.732081743,0,0,1,0,13.8034923599493,13.4712536876981,807859.875058322,15.6311804425861,6362363.06738221,0.509,0.413,0.041270382,4,0.181135625
"162","I-39",7,"0.1.11","0.1",17.6,"6/20/16",988052.732081743,0,0,1,0,13.8034923599493,13.4712536876981,807859.875058322,15.6311804425861,6362363.06738221,0.38,0.308,0.030810894,3,0.181135625
"163","I-39",7,"0.1.11","0.1",17.6,"6/20/16",988052.732081743,0,0,1,0,13.8034923599493,13.4712536876981,807859.875058322,15.6311804425861,6362363.06738221,0.422,0.342,0.034216309,2,0.181135625
"164","I-39",7,"0.1.11","0.1",17.6,"6/20/16",988052.732081743,0,0,1,0,13.8034923599493,13.4712536876981,807859.875058322,15.6311804425861,6362363.06738221,0.463,0.375,0.037540642,1,0.181135625
"165","I-39",7,"0.1.11","0.1",17.6,"6/20/16",988052.732081743,0,0,1,0,13.8034923599493,13.4712536876981,807859.875058322,15.6311804425861,6362363.06738221,0.46,0.373,0.037297398,5,0.181135625
"166","I-4",6,"C.4","C",7.7,"3/2/16",13496277.318244,229951.674535631,1,1,12.3456288038447,16.4179245252718,12.3459197692602,370090.104519189,15.7598022658003,9165254.96334269,0.337,0.273,0,5,0
"167","I-4",6,"C.4","C",7.7,"3/2/16",13496277.318244,229951.674535631,1,1,12.3456288038447,16.4179245252718,12.3459197692602,370090.104519189,15.7598022658003,9165254.96334269,0.274,0.222,0,4,0
"168","I-4",6,"C.4","C",7.7,"3/2/16",13496277.318244,229951.674535631,1,1,12.3456288038447,16.4179245252718,12.3459197692602,370090.104519189,15.7598022658003,9165254.96334269,1.361,1.104,0,2,0
"169","I-4",6,"C.4","C",7.7,"3/2/16",13496277.318244,229951.674535631,1,1,12.3456288038447,16.4179245252718,12.3459197692602,370090.104519189,15.7598022658003,9165254.96334269,0.211,0.171,0,1,0
"170","I-4",6,"C.4","C",7.7,"3/2/16",13496277.318244,229951.674535631,1,1,12.3456288038447,16.4179245252718,12.3459197692602,370090.104519189,15.7598022658003,9165254.96334269,0.371,0.301,0,3,0
"171","I-40",7,"0.1.9","0.1",17.3,"6/20/16",1827357.03953482,0,0,1,0,14.4183817874437,13.4712536876981,807859.875058322,15.6311804425861,6362363.06738221,0.368,0.298,0.029837918,5,0.151703112
"172","I-40",7,"0.1.9","0.1",17.3,"6/20/16",1827357.03953482,0,0,1,0,14.4183817874437,13.4712536876981,807859.875058322,15.6311804425861,6362363.06738221,0.269,0.218,0.02181087,1,0.151703112
"173","I-40",7,"0.1.9","0.1",17.3,"6/20/16",1827357.03953482,0,0,1,0,14.4183817874437,13.4712536876981,807859.875058322,15.6311804425861,6362363.06738221,0.39,0.316,0.031621707,4,0.151703112
"174","I-40",7,"0.1.9","0.1",17.3,"6/20/16",1827357.03953482,0,0,1,0,14.4183817874437,13.4712536876981,807859.875058322,15.6311804425861,6362363.06738221,0.484,0.392,0.039243349,2,0.151703112
"175","I-40",7,"0.1.9","0.1",17.3,"6/20/16",1827357.03953482,0,0,1,0,14.4183817874437,13.4712536876981,807859.875058322,15.6311804425861,6362363.06738221,0.36,0.292,0.029189268,3,0.151703112
"176","I-41",7,"0.1.8","0.1",27.6,"6/20/16",2353459.90521181,71047.2733794013,1,1,11.1711148317437,14.6713975283456,13.4712536876981,807859.875058322,15.6311804425861,6362363.06738221,0.439,0.356,0.035594691,5,0.179919405
"177","I-41",7,"0.1.8","0.1",27.6,"6/20/16",2353459.90521181,71047.2733794013,1,1,11.1711148317437,14.6713975283456,13.4712536876981,807859.875058322,15.6311804425861,6362363.06738221,0.362,0.294,0.029351431,1,0.179919405
"178","I-41",7,"0.1.8","0.1",27.6,"6/20/16",2353459.90521181,71047.2733794013,1,1,11.1711148317437,14.6713975283456,13.4712536876981,807859.875058322,15.6311804425861,6362363.06738221,0.461,0.374,0.037378479,2,0.179919405
"179","I-41",7,"0.1.8","0.1",27.6,"6/20/16",2353459.90521181,71047.2733794013,1,1,11.1711148317437,14.6713975283456,13.4712536876981,807859.875058322,15.6311804425861,6362363.06738221,0.541,0.439,0.043864983,3,0.179919405
"180","I-41",7,"0.1.8","0.1",27.6,"6/20/16",2353459.90521181,71047.2733794013,1,1,11.1711148317437,14.6713975283456,13.4712536876981,807859.875058322,15.6311804425861,6362363.06738221,0.416,0.337,0.033729821,4,0.179919405
"181","I-42",7,"0.1.7","0.1",31.8,"6/20/16",1848906.59084339,0,0,1,0,14.4301055312098,13.4712536876981,807859.875058322,15.6311804425861,6362363.06738221,0.544,0.441,0.044108227,3,0.157459885
"182","I-42",7,"0.1.7","0.1",31.8,"6/20/16",1848906.59084339,0,0,1,0,14.4301055312098,13.4712536876981,807859.875058322,15.6311804425861,6362363.06738221,0.39,0.316,0.031621707,2,0.157459885
"183","I-42",7,"0.1.7","0.1",31.8,"6/20/16",1848906.59084339,0,0,1,0,14.4301055312098,13.4712536876981,807859.875058322,15.6311804425861,6362363.06738221,0.415,0.336,0.03364874,4,0.157459885
"184","I-42",7,"0.1.7","0.1",31.8,"6/20/16",1848906.59084339,0,0,1,0,14.4301055312098,13.4712536876981,807859.875058322,15.6311804425861,6362363.06738221,0.593,0.481,0.048081211,5,0.157459885
"185","I-42",7,"0.1.7","0.1",31.8,"6/20/16",1848906.59084339,0,0,1,0,14.4301055312098,13.4712536876981,807859.875058322,15.6311804425861,6362363.06738221,NA,0,0,1,0.157459885
"186","I-43",6,"0.1.6","0.1",18.5,"6/20/16",5484210.71230506,0,0,1,0,15.5173839243723,12.3459197692602,370090.104519189,15.7598022658003,9165254.96334269,NA,0,0,1,0.078729942
"187","I-43",6,"0.1.6","0.1",18.5,"6/20/16",5484210.71230506,0,0,1,0,15.5173839243723,12.3459197692602,370090.104519189,15.7598022658003,9165254.96334269,0.13,0.105,0.010540569,2,0.078729942
"188","I-43",6,"0.1.6","0.1",18.5,"6/20/16",5484210.71230506,0,0,1,0,15.5173839243723,12.3459197692602,370090.104519189,15.7598022658003,9165254.96334269,0.214,0.174,0.017351398,5,0.078729942
"189","I-43",6,"0.1.6","0.1",18.5,"6/20/16",5484210.71230506,0,0,1,0,15.5173839243723,12.3459197692602,370090.104519189,15.7598022658003,9165254.96334269,0.296,0.24,0.024000065,4,0.078729942
"190","I-43",6,"0.1.6","0.1",18.5,"6/20/16",5484210.71230506,0,0,1,0,15.5173839243723,12.3459197692602,370090.104519189,15.7598022658003,9165254.96334269,0.331,0.268,0.02683791,3,0.078729942
"191","I-44",6,"0.1.5","0.1",15.2,"6/20/16",6833220.06419367,0,0,1,0,15.7373067256754,12.3459197692602,370090.104519189,15.7598022658003,9165254.96334269,0.343,0.278,0.027810886,4,0.127703048
"192","I-44",6,"0.1.5","0.1",15.2,"6/20/16",6833220.06419367,0,0,1,0,15.7373067256754,12.3459197692602,370090.104519189,15.7598022658003,9165254.96334269,0.347,0.281,0.028135211,2,0.127703048
"193","I-44",6,"0.1.5","0.1",15.2,"6/20/16",6833220.06419367,0,0,1,0,15.7373067256754,12.3459197692602,370090.104519189,15.7598022658003,9165254.96334269,0.26,0.211,0.021081138,1,0.127703048
"194","I-44",6,"0.1.5","0.1",15.2,"6/20/16",6833220.06419367,0,0,1,0,15.7373067256754,12.3459197692602,370090.104519189,15.7598022658003,9165254.96334269,0.232,0.188,0.018810862,3,0.127703048
"195","I-44",6,"0.1.5","0.1",15.2,"6/20/16",6833220.06419367,0,0,1,0,15.7373067256754,12.3459197692602,370090.104519189,15.7598022658003,9165254.96334269,0.393,0.319,0.031864951,5,0.127703048
"196","I-45",6,"1.2","1",14.7,"6/20/16",4081007.56610884,96155.3339267562,1,1,11.4737306243205,15.2218547134078,12.3459197692602,370090.104519189,15.7598022658003,9165254.96334269,0.098,0.079,0.079459674,1,0.890272676
"197","I-45",6,"1.2","1",14.7,"6/20/16",4081007.56610884,96155.3339267562,1,1,11.4737306243205,15.2218547134078,12.3459197692602,370090.104519189,15.7598022658003,9165254.96334269,0.226,0.183,0.183243738,5,0.890272676
"198","I-45",6,"1.2","1",14.7,"6/20/16",4081007.56610884,96155.3339267562,1,1,11.4737306243205,15.2218547134078,12.3459197692602,370090.104519189,15.7598022658003,9165254.96334269,0.25,0.203,0.202703251,4,0.890272676
"199","I-45",6,"1.2","1",14.7,"6/20/16",4081007.56610884,96155.3339267562,1,1,11.4737306243205,15.2218547134078,12.3459197692602,370090.104519189,15.7598022658003,9165254.96334269,0.357,0.289,0.289460242,2,0.890272676
"200","I-45",6,"1.2","1",14.7,"6/20/16",4081007.56610884,96155.3339267562,1,1,11.4737306243205,15.2218547134078,12.3459197692602,370090.104519189,15.7598022658003,9165254.96334269,0.167,0.135,0.135405771,3,0.890272676
"201","I-46",6,"1.3","1",8.8,"6/20/16",1915225.42201435,0,0,1,0,14.4653464096464,12.3459197692602,370090.104519189,15.7598022658003,9165254.96334269,0.162,0.131,0.131351706,3,0.960813407
"202","I-46",6,"1.3","1",8.8,"6/20/16",1915225.42201435,0,0,1,0,14.4653464096464,12.3459197692602,370090.104519189,15.7598022658003,9165254.96334269,0.13,0.105,0.10540569,1,0.960813407
"203","I-46",6,"1.3","1",8.8,"6/20/16",1915225.42201435,0,0,1,0,14.4653464096464,12.3459197692602,370090.104519189,15.7598022658003,9165254.96334269,0.345,0.28,0.279730486,5,0.960813407
"204","I-46",6,"1.3","1",8.8,"6/20/16",1915225.42201435,0,0,1,0,14.4653464096464,12.3459197692602,370090.104519189,15.7598022658003,9165254.96334269,0.202,0.164,0.163784226,4,0.960813407
"205","I-46",6,"1.3","1",8.8,"6/20/16",1915225.42201435,0,0,1,0,14.4653464096464,12.3459197692602,370090.104519189,15.7598022658003,9165254.96334269,0.346,0.281,0.280541299,2,0.960813407
"206","I-47",6,"1.4","1",8.4,"6/20/16",3155619.26567742,0,0,1,0,14.9646956323137,12.3459197692602,370090.104519189,15.7598022658003,9165254.96334269,0.273,0.221,0.22135195,1,1.182976171
"207","I-47",6,"1.4","1",8.4,"6/20/16",3155619.26567742,0,0,1,0,14.9646956323137,12.3459197692602,370090.104519189,15.7598022658003,9165254.96334269,0.392,0.318,0.317838697,2,1.182976171
"208","I-47",6,"1.4","1",8.4,"6/20/16",3155619.26567742,0,0,1,0,14.9646956323137,12.3459197692602,370090.104519189,15.7598022658003,9165254.96334269,0.186,0.151,0.150811218,3,1.182976171
"209","I-47",6,"1.4","1",8.4,"6/20/16",3155619.26567742,0,0,1,0,14.9646956323137,12.3459197692602,370090.104519189,15.7598022658003,9165254.96334269,0.321,0.26,0.260270974,4,1.182976171
"210","I-47",6,"1.4","1",8.4,"6/20/16",3155619.26567742,0,0,1,0,14.9646956323137,12.3459197692602,370090.104519189,15.7598022658003,9165254.96334269,0.287,0.233,0.232703332,5,1.182976171
"211","I-48",6,"1.5","1",21.9,"6/20/16",7045100.66723218,0,0,1,0,15.7678431343296,12.3459197692602,370090.104519189,15.7598022658003,9165254.96334269,NA,0,0,2,0.960002594
"212","I-48",6,"1.5","1",21.9,"6/20/16",7045100.66723218,0,0,1,0,15.7678431343296,12.3459197692602,370090.104519189,15.7598022658003,9165254.96334269,0.162,0.131,0.131351706,1,0.960002594
"213","I-48",6,"1.5","1",21.9,"6/20/16",7045100.66723218,0,0,1,0,15.7678431343296,12.3459197692602,370090.104519189,15.7598022658003,9165254.96334269,0.186,0.151,0.150811218,3,0.960002594
"214","I-48",6,"1.5","1",21.9,"6/20/16",7045100.66723218,0,0,1,0,15.7678431343296,12.3459197692602,370090.104519189,15.7598022658003,9165254.96334269,0.371,0.301,0.300811624,4,0.960002594
"215","I-48",6,"1.5","1",21.9,"6/20/16",7045100.66723218,0,0,1,0,15.7678431343296,12.3459197692602,370090.104519189,15.7598022658003,9165254.96334269,0.465,0.377,0.377028046,5,0.960002594
"216","I-49",6,"1.6","1",31.3,"6/20/16",1526731.96120037,0,0,1,0,14.2386406908465,12.3459197692602,370090.104519189,15.7598022658003,9165254.96334269,0.225,0.182,0.182432925,1,1.257570967
"217","I-49",6,"1.6","1",31.3,"6/20/16",1526731.96120037,0,0,1,0,14.2386406908465,12.3459197692602,370090.104519189,15.7598022658003,9165254.96334269,0.352,0.285,0.285406177,5,1.257570967
"218","I-49",6,"1.6","1",31.3,"6/20/16",1526731.96120037,0,0,1,0,14.2386406908465,12.3459197692602,370090.104519189,15.7598022658003,9165254.96334269,0.336,0.272,0.272433169,3,1.257570967
"219","I-49",6,"1.6","1",31.3,"6/20/16",1526731.96120037,0,0,1,0,14.2386406908465,12.3459197692602,370090.104519189,15.7598022658003,9165254.96334269,0.37,0.3,0.300000811,2,1.257570967
"220","I-49",6,"1.6","1",31.3,"6/20/16",1526731.96120037,0,0,1,0,14.2386406908465,12.3459197692602,370090.104519189,15.7598022658003,9165254.96334269,0.268,0.217,0.217297885,4,1.257570967
"221","I-5",6,"C.5","C",8.1,"3/2/16",4480050.52222222,42700.9494480617,1,1,10.6619998526959,15.3151451048211,12.3459197692602,370090.104519189,15.7598022658003,9165254.96334269,0.202,0.164,0,3,0
"222","I-5",6,"C.5","C",8.1,"3/2/16",4480050.52222222,42700.9494480617,1,1,10.6619998526959,15.3151451048211,12.3459197692602,370090.104519189,15.7598022658003,9165254.96334269,0.224,0.182,0,1,0
"223","I-5",6,"C.5","C",8.1,"3/2/16",4480050.52222222,42700.9494480617,1,1,10.6619998526959,15.3151451048211,12.3459197692602,370090.104519189,15.7598022658003,9165254.96334269,0.158,0.128,0,2,0
"224","I-5",6,"C.5","C",8.1,"3/2/16",4480050.52222222,42700.9494480617,1,1,10.6619998526959,15.3151451048211,12.3459197692602,370090.104519189,15.7598022658003,9165254.96334269,0.409,0.332,0,4,0
"225","I-5",6,"C.5","C",8.1,"3/2/16",4480050.52222222,42700.9494480617,1,1,10.6619998526959,15.3151451048211,12.3459197692602,370090.104519189,15.7598022658003,9165254.96334269,0.286,0.232,0,5,0
"226","I-50",7,"1.7","1",32.5,"6/20/16",687401.264548333,0,0,1,0,13.4406749377601,13.4712536876981,807859.875058322,15.6311804425861,6362363.06738221,0.245,0.199,0.198649186,4,1.070273163
"227","I-50",7,"1.7","1",32.5,"6/20/16",687401.264548333,0,0,1,0,13.4406749377601,13.4712536876981,807859.875058322,15.6311804425861,6362363.06738221,0.256,0.208,0.207568129,3,1.070273163
"228","I-50",7,"1.7","1",32.5,"6/20/16",687401.264548333,0,0,1,0,13.4406749377601,13.4712536876981,807859.875058322,15.6311804425861,6362363.06738221,0.408,0.331,0.330811705,2,1.070273163
"229","I-50",7,"1.7","1",32.5,"6/20/16",687401.264548333,0,0,1,0,13.4406749377601,13.4712536876981,807859.875058322,15.6311804425861,6362363.06738221,0.21,0.17,0.17027073,1,1.070273163
"230","I-50",7,"1.7","1",32.5,"6/20/16",687401.264548333,0,0,1,0,13.4406749377601,13.4712536876981,807859.875058322,15.6311804425861,6362363.06738221,0.201,0.163,0.162973413,5,1.070273163
"231","I-51",7,"1.8","1",21.6,"6/20/16",5433650.5131342,0,0,1,0,15.5081219360938,13.4712536876981,807859.875058322,15.6311804425861,6362363.06738221,0.343,0.278,0.27810886,1,1.624869257
"232","I-51",7,"1.8","1",21.6,"6/20/16",5433650.5131342,0,0,1,0,15.5081219360938,13.4712536876981,807859.875058322,15.6311804425861,6362363.06738221,0.406,0.329,0.329190079,3,1.624869257
"233","I-51",7,"1.8","1",21.6,"6/20/16",5433650.5131342,0,0,1,0,15.5081219360938,13.4712536876981,807859.875058322,15.6311804425861,6362363.06738221,0.371,0.301,0.300811624,5,1.624869257
"234","I-51",7,"1.8","1",21.6,"6/20/16",5433650.5131342,0,0,1,0,15.5081219360938,13.4712536876981,807859.875058322,15.6311804425861,6362363.06738221,0.428,0.347,0.347027965,2,1.624869257
"235","I-51",7,"1.8","1",21.6,"6/20/16",5433650.5131342,0,0,1,0,15.5081219360938,13.4712536876981,807859.875058322,15.6311804425861,6362363.06738221,0.456,0.37,0.369730729,4,1.624869257
"236","I-52",7,"1.11","1",27.4,"6/20/16",1268324.87604221,35324.2040540905,1,1,10.4723519840142,14.0532083809937,13.4712536876981,807859.875058322,15.6311804425861,6362363.06738221,0.422,0.342,0.342163087,5,1.550274461
"237","I-52",7,"1.11","1",27.4,"6/20/16",1268324.87604221,35324.2040540905,1,1,10.4723519840142,14.0532083809937,13.4712536876981,807859.875058322,15.6311804425861,6362363.06738221,0.606,0.491,0.491352679,2,1.550274461
"238","I-52",7,"1.11","1",27.4,"6/20/16",1268324.87604221,35324.2040540905,1,1,10.4723519840142,14.0532083809937,13.4712536876981,807859.875058322,15.6311804425861,6362363.06738221,0.259,0.21,0.210000568,3,1.550274461
"239","I-52",7,"1.11","1",27.4,"6/20/16",1268324.87604221,35324.2040540905,1,1,10.4723519840142,14.0532083809937,13.4712536876981,807859.875058322,15.6311804425861,6362363.06738221,0.368,0.298,0.298379185,4,1.550274461
"240","I-52",7,"1.11","1",27.4,"6/20/16",1268324.87604221,35324.2040540905,1,1,10.4723519840142,14.0532083809937,13.4712536876981,807859.875058322,15.6311804425861,6362363.06738221,0.257,0.208,0.208378942,1,1.550274461
"241","I-53",7,"1.12","1",22,"6/20/16",448807.791881955,0,0,1,0,13.0143522227535,13.4712536876981,807859.875058322,15.6311804425861,6362363.06738221,0.443,0.359,0.35919016,2,1.352436089
"242","I-53",7,"1.12","1",22,"6/20/16",448807.791881955,0,0,1,0,13.0143522227535,13.4712536876981,807859.875058322,15.6311804425861,6362363.06738221,0.391,0.317,0.317027884,5,1.352436089
"243","I-53",7,"1.12","1",22,"6/20/16",448807.791881955,0,0,1,0,13.0143522227535,13.4712536876981,807859.875058322,15.6311804425861,6362363.06738221,0.251,0.204,0.203514064,1,1.352436089
"244","I-53",7,"1.12","1",22,"6/20/16",448807.791881955,0,0,1,0,13.0143522227535,13.4712536876981,807859.875058322,15.6311804425861,6362363.06738221,0.293,0.238,0.23756821,4,1.352436089
"245","I-53",7,"1.12","1",22,"6/20/16",448807.791881955,0,0,1,0,13.0143522227535,13.4712536876981,807859.875058322,15.6311804425861,6362363.06738221,0.29,0.235,0.235135771,3,1.352436089
"246","I-54",6,"1.12","0.1",16.5,"6/20/16",1444191.06570556,0,0,1,0,14.1830605990813,12.3459197692602,370090.104519189,15.7598022658003,9165254.96334269,0.3,0.243,0.02432439,4,0.142784169
"247","I-54",6,"1.12","0.1",16.5,"6/20/16",1444191.06570556,0,0,1,0,14.1830605990813,12.3459197692602,370090.104519189,15.7598022658003,9165254.96334269,0.322,0.261,0.026108179,2,0.142784169
"248","I-54",6,"1.12","0.1",16.5,"6/20/16",1444191.06570556,0,0,1,0,14.1830605990813,12.3459197692602,370090.104519189,15.7598022658003,9165254.96334269,0.541,0.439,0.043864983,1,0.142784169
"249","I-54",6,"1.12","0.1",16.5,"6/20/16",1444191.06570556,0,0,1,0,14.1830605990813,12.3459197692602,370090.104519189,15.7598022658003,9165254.96334269,0.337,0.273,0.027324398,5,0.142784169
"250","I-54",6,"1.12","0.1",16.5,"6/20/16",1444191.06570556,0,0,1,0,14.1830605990813,12.3459197692602,370090.104519189,15.7598022658003,9165254.96334269,0.261,0.212,0.021162219,3,0.142784169
"251","I-55",6,"0.1.3","0.1",38.1,"6/20/16",6076154.88733305,33136.7665398303,1,1,10.4084288940151,15.6198827986118,12.3459197692602,370090.104519189,15.7598022658003,9165254.96334269,0.244,0.198,0.019783837,4,0.167270723
"252","I-55",6,"0.1.3","0.1",38.1,"6/20/16",6076154.88733305,33136.7665398303,1,1,10.4084288940151,15.6198827986118,12.3459197692602,370090.104519189,15.7598022658003,9165254.96334269,0.617,0.5,0.050027162,2,0.167270723
"253","I-55",6,"0.1.3","0.1",38.1,"6/20/16",6076154.88733305,33136.7665398303,1,1,10.4084288940151,15.6198827986118,12.3459197692602,370090.104519189,15.7598022658003,9165254.96334269,0.488,0.396,0.039567675,3,0.167270723
"254","I-55",6,"0.1.3","0.1",38.1,"6/20/16",6076154.88733305,33136.7665398303,1,1,10.4084288940151,15.6198827986118,12.3459197692602,370090.104519189,15.7598022658003,9165254.96334269,0.242,0.196,0.019621675,5,0.167270723
"255","I-55",6,"0.1.3","0.1",38.1,"6/20/16",6076154.88733305,33136.7665398303,1,1,10.4084288940151,15.6198827986118,12.3459197692602,370090.104519189,15.7598022658003,9165254.96334269,0.472,0.383,0.038270374,1,0.167270723
"256","I-56",6,"0.1.2","0.1",20,"6/20/16",2477844.54103638,0,0,1,0,14.7229000071205,12.3459197692602,370090.104519189,15.7598022658003,9165254.96334269,0.465,0.377,0.037702805,4,0.137027398
"257","I-56",6,"0.1.2","0.1",20,"6/20/16",2477844.54103638,0,0,1,0,14.7229000071205,12.3459197692602,370090.104519189,15.7598022658003,9165254.96334269,0.488,0.396,0.039567675,2,0.137027398
"258","I-56",6,"0.1.2","0.1",20,"6/20/16",2477844.54103638,0,0,1,0,14.7229000071205,12.3459197692602,370090.104519189,15.7598022658003,9165254.96334269,0.372,0.302,0.030162244,3,0.137027398
"259","I-56",6,"0.1.2","0.1",20,"6/20/16",2477844.54103638,0,0,1,0,14.7229000071205,12.3459197692602,370090.104519189,15.7598022658003,9165254.96334269,0.247,0.2,0.020027081,5,0.137027398
"260","I-56",6,"0.1.2","0.1",20,"6/20/16",2477844.54103638,0,0,1,0,14.7229000071205,12.3459197692602,370090.104519189,15.7598022658003,9165254.96334269,0.118,0.096,0.009567593,1,0.137027398
"261","I-57",6,"0.1.1","0.1",23,"6/20/16",5267549.79909003,0,0,1,0,15.4770760684849,12.3459197692602,370090.104519189,15.7598022658003,9165254.96334269,0.364,0.295,0.029513593,2,0.121703031
"262","I-57",6,"0.1.1","0.1",23,"6/20/16",5267549.79909003,0,0,1,0,15.4770760684849,12.3459197692602,370090.104519189,15.7598022658003,9165254.96334269,0.329,0.267,0.026675748,4,0.121703031
"263","I-57",6,"0.1.1","0.1",23,"6/20/16",5267549.79909003,0,0,1,0,15.4770760684849,12.3459197692602,370090.104519189,15.7598022658003,9165254.96334269,0.238,0.193,0.019297349,1,0.121703031
"264","I-57",6,"0.1.1","0.1",23,"6/20/16",5267549.79909003,0,0,1,0,15.4770760684849,12.3459197692602,370090.104519189,15.7598022658003,9165254.96334269,0.27,0.219,0.021891951,3,0.121703031
"265","I-57",6,"0.1.1","0.1",23,"6/20/16",5267549.79909003,0,0,1,0,15.4770760684849,12.3459197692602,370090.104519189,15.7598022658003,9165254.96334269,0.3,0.243,0.02432439,5,0.121703031
"266","I-58",8,"0.1.20","0.1",23.1,"6/30/17",2652780.52421393,106311.894534062,1,1,11.5741418602101,14.791119279263,12.3316284823025,255931.74501726,15.0337497244691,3539671.48902413,0.423,0.343,0.03429739,4,0.118865186
"267","I-58",8,"0.1.20","0.1",23.1,"6/30/17",2652780.52421393,106311.894534062,1,1,11.5741418602101,14.791119279263,12.3316284823025,255931.74501726,15.0337497244691,3539671.48902413,0.158,0.128,0.012810845,5,0.118865186
"268","I-58",8,"0.1.20","0.1",23.1,"6/30/17",2652780.52421393,106311.894534062,1,1,11.5741418602101,14.791119279263,12.3316284823025,255931.74501726,15.0337497244691,3539671.48902413,0.31,0.251,0.025135203,3,0.118865186
"269","I-58",8,"0.1.20","0.1",23.1,"6/30/17",2652780.52421393,106311.894534062,1,1,11.5741418602101,14.791119279263,12.3316284823025,255931.74501726,15.0337497244691,3539671.48902413,0.236,0.191,0.019135187,1,0.118865186
"270","I-58",8,"0.1.20","0.1",23.1,"6/30/17",2652780.52421393,106311.894534062,1,1,11.5741418602101,14.791119279263,12.3316284823025,255931.74501726,15.0337497244691,3539671.48902413,0.339,0.275,0.027486561,2,0.118865186
"271","I-59",8,"0.1.19","0.1",30.7,"6/30/17",6641093.97443299,53346.9281760503,1,1,10.8845904214126,15.7087874136453,12.3316284823025,255931.74501726,15.0337497244691,3539671.48902413,0.377,0.306,0.03056765,4,0.146189584
"272","I-59",8,"0.1.19","0.1",30.7,"6/30/17",6641093.97443299,53346.9281760503,1,1,10.8845904214126,15.7087874136453,12.3316284823025,255931.74501726,15.0337497244691,3539671.48902413,0.389,0.315,0.031540626,2,0.146189584
"273","I-59",8,"0.1.19","0.1",30.7,"6/30/17",6641093.97443299,53346.9281760503,1,1,10.8845904214126,15.7087874136453,12.3316284823025,255931.74501726,15.0337497244691,3539671.48902413,0.297,0.241,0.024081146,1,0.146189584
"274","I-59",8,"0.1.19","0.1",30.7,"6/30/17",6641093.97443299,53346.9281760503,1,1,10.8845904214126,15.7087874136453,12.3316284823025,255931.74501726,15.0337497244691,3539671.48902413,0.324,0.263,0.026270341,5,0.146189584
"275","I-59",8,"0.1.19","0.1",30.7,"6/30/17",6641093.97443299,53346.9281760503,1,1,10.8845904214126,15.7087874136453,12.3316284823025,255931.74501726,15.0337497244691,3539671.48902413,0.416,0.337,0.033729821,3,0.146189584
"276","I-6",6,"20.1","20",5.9,"3/2/16",14437298.4979657,135749.534511649,1,1,11.8185741752591,16.4853256585631,12.3459197692602,370090.104519189,15.7598022658003,9165254.96334269,0.263,0.213,4.264876392,4,16.746531748
"277","I-6",6,"20.1","20",5.9,"3/2/16",14437298.4979657,135749.534511649,1,1,11.8185741752591,16.4853256585631,12.3459197692602,370090.104519189,15.7598022658003,9165254.96334269,0.206,0.167,3.340549569,3,16.746531748
"278","I-6",6,"20.1","20",5.9,"3/2/16",14437298.4979657,135749.534511649,1,1,11.8185741752591,16.4853256585631,12.3459197692602,370090.104519189,15.7598022658003,9165254.96334269,0.178,0.144,2.886494288,1,16.746531748
"279","I-6",6,"20.1","20",5.9,"3/2/16",14437298.4979657,135749.534511649,1,1,11.8185741752591,16.4853256585631,12.3459197692602,370090.104519189,15.7598022658003,9165254.96334269,0.189,0.153,3.064873148,5,16.746531748
"280","I-6",6,"20.1","20",5.9,"3/2/16",14437298.4979657,135749.534511649,1,1,11.8185741752591,16.4853256585631,12.3459197692602,370090.104519189,15.7598022658003,9165254.96334269,0.1967,0.159,3.189738351,2,16.746531748
"281","I-60",8,"0.1.18","0.1",22.5,"6/30/17",2517813.78292009,139879.931193291,1,1,11.8485468482419,14.738901933661,12.3316284823025,255931.74501726,15.0337497244691,3539671.48902413,0.285,0.231,0.023108171,4,0.156405828
"282","I-60",8,"0.1.18","0.1",22.5,"6/30/17",2517813.78292009,139879.931193291,1,1,11.8485468482419,14.738901933661,12.3316284823025,255931.74501726,15.0337497244691,3539671.48902413,0.216,0.175,0.017513561,5,0.156405828
"283","I-60",8,"0.1.18","0.1",22.5,"6/30/17",2517813.78292009,139879.931193291,1,1,11.8485468482419,14.738901933661,12.3316284823025,255931.74501726,15.0337497244691,3539671.48902413,0.6,0.486,0.04864878,2,0.156405828
"284","I-60",8,"0.1.18","0.1",22.5,"6/30/17",2517813.78292009,139879.931193291,1,1,11.8485468482419,14.738901933661,12.3316284823025,255931.74501726,15.0337497244691,3539671.48902413,0.368,0.298,0.029837918,3,0.156405828
"285","I-60",8,"0.1.18","0.1",22.5,"6/30/17",2517813.78292009,139879.931193291,1,1,11.8485468482419,14.738901933661,12.3316284823025,255931.74501726,15.0337497244691,3539671.48902413,0.46,0.373,0.037297398,1,0.156405828
"286","I-61",8,"0.1.17","0.1",43.7,"6/30/17",3824609.58125067,0,0,1,0,15.1569672112365,12.3316284823025,255931.74501726,15.0337497244691,3539671.48902413,0.35,0.284,0.028378455,5,0.157946372
"287","I-61",8,"0.1.17","0.1",43.7,"6/30/17",3824609.58125067,0,0,1,0,15.1569672112365,12.3316284823025,255931.74501726,15.0337497244691,3539671.48902413,0.65,0.527,0.052702845,2,0.157946372
"288","I-61",8,"0.1.17","0.1",43.7,"6/30/17",3824609.58125067,0,0,1,0,15.1569672112365,12.3316284823025,255931.74501726,15.0337497244691,3539671.48902413,0.288,0.234,0.023351414,3,0.157946372
"289","I-61",8,"0.1.17","0.1",43.7,"6/30/17",3824609.58125067,0,0,1,0,15.1569672112365,12.3316284823025,255931.74501726,15.0337497244691,3539671.48902413,0.441,0.358,0.035756853,4,0.157946372
"290","I-61",8,"0.1.17","0.1",43.7,"6/30/17",3824609.58125067,0,0,1,0,15.1569672112365,12.3316284823025,255931.74501726,15.0337497244691,3539671.48902413,0.219,0.178,0.017756805,1,0.157946372
"291","I-62",8,"1.2","1",21.8,"6/30/17",753548.007794941,0,0,1,0,13.5325493351393,12.3316284823025,255931.74501726,15.0337497244691,3539671.48902413,0.289,0.234,0.234324958,3,1.408382186
"292","I-62",8,"1.2","1",21.8,"6/30/17",753548.007794941,0,0,1,0,13.5325493351393,12.3316284823025,255931.74501726,15.0337497244691,3539671.48902413,0.284,0.23,0.230270893,1,1.408382186
"293","I-62",8,"1.2","1",21.8,"6/30/17",753548.007794941,0,0,1,0,13.5325493351393,12.3316284823025,255931.74501726,15.0337497244691,3539671.48902413,0.367,0.298,0.297568372,4,1.408382186
"294","I-62",8,"1.2","1",21.8,"6/30/17",753548.007794941,0,0,1,0,13.5325493351393,12.3316284823025,255931.74501726,15.0337497244691,3539671.48902413,0.375,0.304,0.304054876,5,1.408382186
"295","I-62",8,"1.2","1",21.8,"6/30/17",753548.007794941,0,0,1,0,13.5325493351393,12.3316284823025,255931.74501726,15.0337497244691,3539671.48902413,0.422,0.342,0.342163087,2,1.408382186
"296","I-63",7,"1.13","1",23.3,"6/30/17",1265499.34793823,0,0,1,0,14.0509781339086,13.4712536876981,807859.875058322,15.6311804425861,6362363.06738221,0.297,0.241,0.240811462,1,1.387301048
"297","I-63",7,"1.13","1",23.3,"6/30/17",1265499.34793823,0,0,1,0,14.0509781339086,13.4712536876981,807859.875058322,15.6311804425861,6362363.06738221,0.374,0.303,0.303244063,2,1.387301048
"298","I-63",7,"1.13","1",23.3,"6/30/17",1265499.34793823,0,0,1,0,14.0509781339086,13.4712536876981,807859.875058322,15.6311804425861,6362363.06738221,0.333,0.27,0.27000073,4,1.387301048
"299","I-63",7,"1.13","1",23.3,"6/30/17",1265499.34793823,0,0,1,0,14.0509781339086,13.4712536876981,807859.875058322,15.6311804425861,6362363.06738221,0.35,0.284,0.283784551,3,1.387301048
"300","I-63",7,"1.13","1",23.3,"6/30/17",1265499.34793823,0,0,1,0,14.0509781339086,13.4712536876981,807859.875058322,15.6311804425861,6362363.06738221,0.357,0.289,0.289460242,5,1.387301048
"301","I-64",8,"1.18","1",26.7,"6/30/17",2976400.51831251,105541.574821219,1,1,11.5668697033005,14.9062255846222,12.3316284823025,255931.74501726,15.0337497244691,3539671.48902413,0.326,0.264,0.264325039,3,1.321625195
"302","I-64",8,"1.18","1",26.7,"6/30/17",2976400.51831251,105541.574821219,1,1,11.5668697033005,14.9062255846222,12.3316284823025,255931.74501726,15.0337497244691,3539671.48902413,0.253,0.205,0.20513569,5,1.321625195
"303","I-64",8,"1.18","1",26.7,"6/30/17",2976400.51831251,105541.574821219,1,1,11.5668697033005,14.9062255846222,12.3316284823025,255931.74501726,15.0337497244691,3539671.48902413,0.487,0.395,0.394865932,2,1.321625195
"304","I-64",8,"1.18","1",26.7,"6/30/17",2976400.51831251,105541.574821219,1,1,11.5668697033005,14.9062255846222,12.3316284823025,255931.74501726,15.0337497244691,3539671.48902413,0.256,0.208,0.207568129,1,1.321625195
"305","I-64",8,"1.18","1",26.7,"6/30/17",2976400.51831251,105541.574821219,1,1,11.5668697033005,14.9062255846222,12.3316284823025,255931.74501726,15.0337497244691,3539671.48902413,0.308,0.25,0.249730405,4,1.321625195
"306","I-65",8,"1.19","1",17.9,"6/30/17",764170.962100766,0,0,1,0,13.5465481241054,12.3316284823025,255931.74501726,15.0337497244691,3539671.48902413,0.176,0.143,0.142703088,1,0.746758773
"307","I-65",8,"1.19","1",17.9,"6/30/17",764170.962100766,0,0,1,0,13.5465481241054,12.3316284823025,255931.74501726,15.0337497244691,3539671.48902413,0.192,0.156,0.155676096,2,0.746758773
"308","I-65",8,"1.19","1",17.9,"6/30/17",764170.962100766,0,0,1,0,13.5465481241054,12.3316284823025,255931.74501726,15.0337497244691,3539671.48902413,0.176,0.143,0.142703088,5,0.746758773
"309","I-65",8,"1.19","1",17.9,"6/30/17",764170.962100766,0,0,1,0,13.5465481241054,12.3316284823025,255931.74501726,15.0337497244691,3539671.48902413,0.194,0.157,0.157297722,3,0.746758773
"310","I-65",8,"1.19","1",17.9,"6/30/17",764170.962100766,0,0,1,0,13.5465481241054,12.3316284823025,255931.74501726,15.0337497244691,3539671.48902413,0.183,0.148,0.148378779,4,0.746758773
"311","I-66",8,"1.17","1",25.1,"6/30/17",6291577.91490329,0,0,1,0,15.6547226170338,12.3316284823025,255931.74501726,15.0337497244691,3539671.48902413,0.547,0.444,0.443514712,1,1.776491288
"312","I-66",8,"1.17","1",25.1,"6/30/17",6291577.91490329,0,0,1,0,15.6547226170338,12.3316284823025,255931.74501726,15.0337497244691,3539671.48902413,0.295,0.239,0.239189836,3,1.776491288
"313","I-66",8,"1.17","1",25.1,"6/30/17",6291577.91490329,0,0,1,0,15.6547226170338,12.3316284823025,255931.74501726,15.0337497244691,3539671.48902413,0.656,0.532,0.531893329,2,1.776491288
"314","I-66",8,"1.17","1",25.1,"6/30/17",6291577.91490329,0,0,1,0,15.6547226170338,12.3316284823025,255931.74501726,15.0337497244691,3539671.48902413,0.35,0.284,0.283784551,5,1.776491288
"315","I-66",8,"1.17","1",25.1,"6/30/17",6291577.91490329,0,0,1,0,15.6547226170338,12.3316284823025,255931.74501726,15.0337497244691,3539671.48902413,0.343,0.278,0.27810886,4,1.776491288
"316","I-67",8,"1.16","1",33.6,"6/30/17",3601913.01878957,68301.3796687772,1,1,11.1316998863689,15.0969759340249,12.3316284823025,255931.74501726,15.0337497244691,3539671.48902413,0.253,0.205,0.20513569,4,1.425409259
"317","I-67",8,"1.16","1",33.6,"6/30/17",3601913.01878957,68301.3796687772,1,1,11.1316998863689,15.0969759340249,12.3316284823025,255931.74501726,15.0337497244691,3539671.48902413,0.479,0.388,0.388379428,5,1.425409259
"318","I-67",8,"1.16","1",33.6,"6/30/17",3601913.01878957,68301.3796687772,1,1,11.1316998863689,15.0969759340249,12.3316284823025,255931.74501726,15.0337497244691,3539671.48902413,0.329,0.267,0.266757478,3,1.425409259
"319","I-67",8,"1.16","1",33.6,"6/30/17",3601913.01878957,68301.3796687772,1,1,11.1316998863689,15.0969759340249,12.3316284823025,255931.74501726,15.0337497244691,3539671.48902413,0.294,0.238,0.238379023,1,1.425409259
"320","I-67",8,"1.16","1",33.6,"6/30/17",3601913.01878957,68301.3796687772,1,1,11.1316998863689,15.0969759340249,12.3316284823025,255931.74501726,15.0337497244691,3539671.48902413,0.403,0.327,0.32675764,2,1.425409259
"321","I-68",7,"0.1.8","0.1",22.8,"6/30/17",1108065.74267162,0,0,1,0,13.9181273815434,13.4712536876981,807859.875058322,15.6311804425861,6362363.06738221,NA,NA,NA,NA,NA
"322","I-69",8,"0.1.14","0.1",26.5,"6/30/17",NA,NA,NA,NA,NA,NA,12.3316284823025,255931.74501726,15.0337497244691,3539671.48902413,0.264,0.214,0.021405463,3,0.08854078
"323","I-69",8,"0.1.14","0.1",26.5,"6/30/17",NA,NA,NA,NA,NA,NA,12.3316284823025,255931.74501726,15.0337497244691,3539671.48902413,0.135,0.109,0.010945976,1,0.08854078
"324","I-69",8,"0.1.14","0.1",26.5,"6/30/17",NA,NA,NA,NA,NA,NA,12.3316284823025,255931.74501726,15.0337497244691,3539671.48902413,0.225,0.182,0.018243293,2,0.08854078
"325","I-69",8,"0.1.14","0.1",26.5,"6/30/17",NA,NA,NA,NA,NA,NA,12.3316284823025,255931.74501726,15.0337497244691,3539671.48902413,0.28,0.227,0.022702764,5,0.08854078
"326","I-69",8,"0.1.14","0.1",26.5,"6/30/17",NA,NA,NA,NA,NA,NA,12.3316284823025,255931.74501726,15.0337497244691,3539671.48902413,0.188,0.152,0.015243284,4,0.08854078
"327","I-7",6,"20.2","20",4,"3/2/16",5148637.6671665,72173.7221259215,1,1,11.1868451545192,15.4542429012244,12.3459197692602,370090.104519189,15.7598022658003,9165254.96334269,0.176,0.143,2.854061768,5,13.573009657
"328","I-7",6,"20.2","20",4,"3/2/16",5148637.6671665,72173.7221259215,1,1,11.1868451545192,15.4542429012244,12.3459197692602,370090.104519189,15.7598022658003,9165254.96334269,0.193,0.156,3.129738188,4,13.573009657
"329","I-7",6,"20.2","20",4,"3/2/16",5148637.6671665,72173.7221259215,1,1,11.1868451545192,15.4542429012244,12.3459197692602,370090.104519189,15.7598022658003,9165254.96334269,0.106,0.086,1.718923565,2,13.573009657
"330","I-7",6,"20.2","20",4,"3/2/16",5148637.6671665,72173.7221259215,1,1,11.1868451545192,15.4542429012244,12.3459197692602,370090.104519189,15.7598022658003,9165254.96334269,0.158,0.128,2.562169087,3,13.573009657
"331","I-7",6,"20.2","20",4,"3/2/16",5148637.6671665,72173.7221259215,1,1,11.1868451545192,15.4542429012244,12.3459197692602,370090.104519189,15.7598022658003,9165254.96334269,0.204,0.165,3.308117049,1,13.573009657
"332","I-70",8,"1.15","1",21.8,"6/30/17",3014116.49811218,0,0,1,0,14.9188176415203,12.3316284823025,255931.74501726,15.0337497244691,3539671.48902413,0.229,0.186,0.185676178,1,0.743515524
"333","I-70",8,"1.15","1",21.8,"6/30/17",3014116.49811218,0,0,1,0,14.9188176415203,12.3316284823025,255931.74501726,15.0337497244691,3539671.48902413,0.319,0.259,0.258649348,5,0.743515524
"334","I-70",8,"1.15","1",21.8,"6/30/17",3014116.49811218,0,0,1,0,14.9188176415203,12.3316284823025,255931.74501726,15.0337497244691,3539671.48902413,NA,0,0,3,0.743515524
"335","I-70",8,"1.15","1",21.8,"6/30/17",3014116.49811218,0,0,1,0,14.9188176415203,12.3316284823025,255931.74501726,15.0337497244691,3539671.48902413,0.137,0.111,0.111081381,4,0.743515524
"336","I-70",8,"1.15","1",21.8,"6/30/17",3014116.49811218,0,0,1,0,14.9188176415203,12.3316284823025,255931.74501726,15.0337497244691,3539671.48902413,0.232,0.188,0.188108617,2,0.743515524
"337","I-71",8,"1.14","1",29.2,"6/30/17",2263866.02271346,0,0,1,0,14.6325849810296,12.3316284823025,255931.74501726,15.0337497244691,3539671.48902413,0.361,0.293,0.292703494,4,1.450544462
"338","I-71",8,"1.14","1",29.2,"6/30/17",2263866.02271346,0,0,1,0,14.6325849810296,12.3316284823025,255931.74501726,15.0337497244691,3539671.48902413,0.324,0.263,0.262703413,2,1.450544462
"339","I-71",8,"1.14","1",29.2,"6/30/17",2263866.02271346,0,0,1,0,14.6325849810296,12.3316284823025,255931.74501726,15.0337497244691,3539671.48902413,0.419,0.34,0.339730648,3,1.450544462
"340","I-71",8,"1.14","1",29.2,"6/30/17",2263866.02271346,0,0,1,0,14.6325849810296,12.3316284823025,255931.74501726,15.0337497244691,3539671.48902413,0.329,0.267,0.266757478,5,1.450544462
"341","I-71",8,"1.14","1",29.2,"6/30/17",2263866.02271346,0,0,1,0,14.6325849810296,12.3316284823025,255931.74501726,15.0337497244691,3539671.48902413,0.356,0.289,0.288649429,1,1.450544462
"342","I-8",6,"20.3","20",6.7,"3/2/16",42078819.9875412,220553.689881433,1,1,12.3039009697887,17.5550551076443,12.3459197692602,370090.104519189,15.7598022658003,9165254.96334269,0.191,0.155,3.097305668,1,14.529768999
"343","I-8",6,"20.3","20",6.7,"3/2/16",42078819.9875412,220553.689881433,1,1,12.3039009697887,17.5550551076443,12.3459197692602,370090.104519189,15.7598022658003,9165254.96334269,0.21,0.17,3.405414609,2,14.529768999
"344","I-8",6,"20.3","20",6.7,"3/2/16",42078819.9875412,220553.689881433,1,1,12.3039009697887,17.5550551076443,12.3459197692602,370090.104519189,15.7598022658003,9165254.96334269,0.141,0.114,2.286492666,4,14.529768999
"345","I-8",6,"20.3","20",6.7,"3/2/16",42078819.9875412,220553.689881433,1,1,12.3039009697887,17.5550551076443,12.3459197692602,370090.104519189,15.7598022658003,9165254.96334269,0.177,0.144,2.870278028,5,14.529768999
"346","I-8",6,"20.3","20",6.7,"3/2/16",42078819.9875412,220553.689881433,1,1,12.3039009697887,17.5550551076443,12.3459197692602,370090.104519189,15.7598022658003,9165254.96334269,0.177,0.144,2.870278028,3,14.529768999
"347","I-9",6,"20.4","20",1,"3/2/16",3109227.00317494,102977.034413188,1,1,11.5422709863446,14.9498850228508,12.3459197692602,370090.104519189,15.7598022658003,9165254.96334269,0.192,0.156,3.113521928,1,15.567609642
"348","I-9",6,"20.4","20",1,"3/2/16",3109227.00317494,102977.034413188,1,1,11.5422709863446,14.9498850228508,12.3459197692602,370090.104519189,15.7598022658003,9165254.96334269,0.226,0.183,3.66487477,3,15.567609642
"349","I-9",6,"20.4","20",1,"3/2/16",3109227.00317494,102977.034413188,1,1,11.5422709863446,14.9498850228508,12.3459197692602,370090.104519189,15.7598022658003,9165254.96334269,0.134,0.109,2.172978846,4,15.567609642
"350","I-9",6,"20.4","20",1,"3/2/16",3109227.00317494,102977.034413188,1,1,11.5422709863446,14.9498850228508,12.3459197692602,370090.104519189,15.7598022658003,9165254.96334269,0.203,0.165,3.291900789,5,15.567609642
"351","I-9",6,"20.4","20",1,"3/2/16",3109227.00317494,102977.034413188,1,1,11.5422709863446,14.9498850228508,12.3459197692602,370090.104519189,15.7598022658003,9165254.96334269,0.205,0.166,3.324333309,2,15.567609642
