,FieldID,colony,sample_name,Treatment,dil.factor,DateExtracted,BQCVload,DWVload,DWVbinary,BQCVbinary,logDWV,logBQCV,PreLogDWV,PreDWVLoad,PreLogBQCV,PreBQCVLoad,Consumption_g,Consumption_mL,Imid_Consump,TimeStep,ImidConsumpTotal
1,0.1.1,6,I-57,0.1,23,6/20/16,5267549.799,0,0,1,0,15.47707607,12.34591977,370090.1045,15.75980227,9165254.963,0.364,0.295,0.029513593,2,0.121703031
2,0.1.1,6,I-57,0.1,23,6/20/16,5267549.799,0,0,1,0,15.47707607,12.34591977,370090.1045,15.75980227,9165254.963,0.238,0.193,0.019297349,1,0.121703031
3,0.1.1,6,I-57,0.1,23,6/20/16,5267549.799,0,0,1,0,15.47707607,12.34591977,370090.1045,15.75980227,9165254.963,0.27,0.219,0.021891951,3,0.121703031
4,0.1.1,6,I-57,0.1,23,6/20/16,5267549.799,0,0,1,0,15.47707607,12.34591977,370090.1045,15.75980227,9165254.963,0.329,0.267,0.026675748,4,0.121703031
5,0.1.1,6,I-57,0.1,23,6/20/16,5267549.799,0,0,1,0,15.47707607,12.34591977,370090.1045,15.75980227,9165254.963,0.3,0.243,0.02432439,5,0.121703031
6,0.1.11,7,I-39,0.1,17.6,6/20/16,988052.7321,0,0,1,0,13.80349236,13.47125369,807859.8751,15.63118044,6362363.067,0.463,0.375,0.037540642,1,0.181135625
7,0.1.11,7,I-39,0.1,17.6,6/20/16,988052.7321,0,0,1,0,13.80349236,13.47125369,807859.8751,15.63118044,6362363.067,0.46,0.373,0.037297398,5,0.181135625
8,0.1.11,7,I-39,0.1,17.6,6/20/16,988052.7321,0,0,1,0,13.80349236,13.47125369,807859.8751,15.63118044,6362363.067,0.422,0.342,0.034216309,2,0.181135625
9,0.1.11,7,I-39,0.1,17.6,6/20/16,988052.7321,0,0,1,0,13.80349236,13.47125369,807859.8751,15.63118044,6362363.067,0.38,0.308,0.030810894,3,0.181135625
10,0.1.11,7,I-39,0.1,17.6,6/20/16,988052.7321,0,0,1,0,13.80349236,13.47125369,807859.8751,15.63118044,6362363.067,0.509,0.413,0.041270382,4,0.181135625
11,0.1.14,8,I-69,0.1,26.5,6/30/17,NA,NA,NA,NA,NA,NA,12.33162848,255931.745,15.03374972,3539671.489,0.28,0.227,0.022702764,5,0.08854078
12,0.1.14,8,I-69,0.1,26.5,6/30/17,NA,NA,NA,NA,NA,NA,12.33162848,255931.745,15.03374972,3539671.489,0.135,0.109,0.010945976,1,0.08854078
13,0.1.14,8,I-69,0.1,26.5,6/30/17,NA,NA,NA,NA,NA,NA,12.33162848,255931.745,15.03374972,3539671.489,0.188,0.152,0.015243284,4,0.08854078
14,0.1.14,8,I-69,0.1,26.5,6/30/17,NA,NA,NA,NA,NA,NA,12.33162848,255931.745,15.03374972,3539671.489,0.264,0.214,0.021405463,3,0.08854078
15,0.1.14,8,I-69,0.1,26.5,6/30/17,NA,NA,NA,NA,NA,NA,12.33162848,255931.745,15.03374972,3539671.489,0.225,0.182,0.018243293,2,0.08854078
16,0.1.17,8,I-61,0.1,43.7,6/30/17,3824609.581,0,0,1,0,15.15696721,12.33162848,255931.745,15.03374972,3539671.489,0.35,0.284,0.028378455,5,0.157946372
17,0.1.17,8,I-61,0.1,43.7,6/30/17,3824609.581,0,0,1,0,15.15696721,12.33162848,255931.745,15.03374972,3539671.489,0.288,0.234,0.023351414,3,0.157946372
18,0.1.17,8,I-61,0.1,43.7,6/30/17,3824609.581,0,0,1,0,15.15696721,12.33162848,255931.745,15.03374972,3539671.489,0.219,0.178,0.017756805,1,0.157946372
19,0.1.17,8,I-61,0.1,43.7,6/30/17,3824609.581,0,0,1,0,15.15696721,12.33162848,255931.745,15.03374972,3539671.489,0.441,0.358,0.035756853,4,0.157946372
20,0.1.17,8,I-61,0.1,43.7,6/30/17,3824609.581,0,0,1,0,15.15696721,12.33162848,255931.745,15.03374972,3539671.489,0.65,0.527,0.052702845,2,0.157946372
21,0.1.18,8,I-60,0.1,22.5,6/30/17,2517813.783,139879.9312,1,1,11.84854685,14.73890193,12.33162848,255931.745,15.03374972,3539671.489,0.6,0.486,0.04864878,2,0.156405828
22,0.1.18,8,I-60,0.1,22.5,6/30/17,2517813.783,139879.9312,1,1,11.84854685,14.73890193,12.33162848,255931.745,15.03374972,3539671.489,0.46,0.373,0.037297398,1,0.156405828
23,0.1.18,8,I-60,0.1,22.5,6/30/17,2517813.783,139879.9312,1,1,11.84854685,14.73890193,12.33162848,255931.745,15.03374972,3539671.489,0.368,0.298,0.029837918,3,0.156405828
24,0.1.18,8,I-60,0.1,22.5,6/30/17,2517813.783,139879.9312,1,1,11.84854685,14.73890193,12.33162848,255931.745,15.03374972,3539671.489,0.216,0.175,0.017513561,5,0.156405828
25,0.1.18,8,I-60,0.1,22.5,6/30/17,2517813.783,139879.9312,1,1,11.84854685,14.73890193,12.33162848,255931.745,15.03374972,3539671.489,0.285,0.231,0.023108171,4,0.156405828
26,0.1.19,8,I-59,0.1,30.7,6/30/17,6641093.974,53346.92818,1,1,10.88459042,15.70878741,12.33162848,255931.745,15.03374972,3539671.489,0.324,0.263,0.026270341,5,0.146189584
27,0.1.19,8,I-59,0.1,30.7,6/30/17,6641093.974,53346.92818,1,1,10.88459042,15.70878741,12.33162848,255931.745,15.03374972,3539671.489,0.377,0.306,0.03056765,4,0.146189584
28,0.1.19,8,I-59,0.1,30.7,6/30/17,6641093.974,53346.92818,1,1,10.88459042,15.70878741,12.33162848,255931.745,15.03374972,3539671.489,0.297,0.241,0.024081146,1,0.146189584
29,0.1.19,8,I-59,0.1,30.7,6/30/17,6641093.974,53346.92818,1,1,10.88459042,15.70878741,12.33162848,255931.745,15.03374972,3539671.489,0.389,0.315,0.031540626,2,0.146189584
30,0.1.19,8,I-59,0.1,30.7,6/30/17,6641093.974,53346.92818,1,1,10.88459042,15.70878741,12.33162848,255931.745,15.03374972,3539671.489,0.416,0.337,0.033729821,3,0.146189584
31,0.1.2,6,I-56,0.1,20,6/20/16,2477844.541,0,0,1,0,14.72290001,12.34591977,370090.1045,15.75980227,9165254.963,0.488,0.396,0.039567675,2,0.137027398
32,0.1.2,6,I-56,0.1,20,6/20/16,2477844.541,0,0,1,0,14.72290001,12.34591977,370090.1045,15.75980227,9165254.963,0.372,0.302,0.030162244,3,0.137027398
33,0.1.2,6,I-56,0.1,20,6/20/16,2477844.541,0,0,1,0,14.72290001,12.34591977,370090.1045,15.75980227,9165254.963,0.247,0.2,0.020027081,5,0.137027398
34,0.1.2,6,I-56,0.1,20,6/20/16,2477844.541,0,0,1,0,14.72290001,12.34591977,370090.1045,15.75980227,9165254.963,0.465,0.377,0.037702805,4,0.137027398
35,0.1.2,6,I-56,0.1,20,6/20/16,2477844.541,0,0,1,0,14.72290001,12.34591977,370090.1045,15.75980227,9165254.963,0.118,0.096,0.009567593,1,0.137027398
36,0.1.20,8,I-58,0.1,23.1,6/30/17,2652780.524,106311.8945,1,1,11.57414186,14.79111928,12.33162848,255931.745,15.03374972,3539671.489,0.339,0.275,0.027486561,2,0.118865186
37,0.1.20,8,I-58,0.1,23.1,6/30/17,2652780.524,106311.8945,1,1,11.57414186,14.79111928,12.33162848,255931.745,15.03374972,3539671.489,0.236,0.191,0.019135187,1,0.118865186
38,0.1.20,8,I-58,0.1,23.1,6/30/17,2652780.524,106311.8945,1,1,11.57414186,14.79111928,12.33162848,255931.745,15.03374972,3539671.489,0.423,0.343,0.03429739,4,0.118865186
39,0.1.20,8,I-58,0.1,23.1,6/30/17,2652780.524,106311.8945,1,1,11.57414186,14.79111928,12.33162848,255931.745,15.03374972,3539671.489,0.158,0.128,0.012810845,5,0.118865186
40,0.1.20,8,I-58,0.1,23.1,6/30/17,2652780.524,106311.8945,1,1,11.57414186,14.79111928,12.33162848,255931.745,15.03374972,3539671.489,0.31,0.251,0.025135203,3,0.118865186
41,0.1.3,6,I-55,0.1,38.1,6/20/16,6076154.887,33136.76654,1,1,10.40842889,15.6198828,12.34591977,370090.1045,15.75980227,9165254.963,0.244,0.198,0.019783837,4,0.167270723
42,0.1.3,6,I-55,0.1,38.1,6/20/16,6076154.887,33136.76654,1,1,10.40842889,15.6198828,12.34591977,370090.1045,15.75980227,9165254.963,0.617,0.5,0.050027162,2,0.167270723
43,0.1.3,6,I-55,0.1,38.1,6/20/16,6076154.887,33136.76654,1,1,10.40842889,15.6198828,12.34591977,370090.1045,15.75980227,9165254.963,0.472,0.383,0.038270374,1,0.167270723
44,0.1.3,6,I-55,0.1,38.1,6/20/16,6076154.887,33136.76654,1,1,10.40842889,15.6198828,12.34591977,370090.1045,15.75980227,9165254.963,0.242,0.196,0.019621675,5,0.167270723
45,0.1.3,6,I-55,0.1,38.1,6/20/16,6076154.887,33136.76654,1,1,10.40842889,15.6198828,12.34591977,370090.1045,15.75980227,9165254.963,0.488,0.396,0.039567675,3,0.167270723
46,0.1.5,6,I-44,0.1,15.2,6/20/16,6833220.064,0,0,1,0,15.73730673,12.34591977,370090.1045,15.75980227,9165254.963,0.393,0.319,0.031864951,5,0.127703048
47,0.1.5,6,I-44,0.1,15.2,6/20/16,6833220.064,0,0,1,0,15.73730673,12.34591977,370090.1045,15.75980227,9165254.963,0.347,0.281,0.028135211,2,0.127703048
48,0.1.5,6,I-44,0.1,15.2,6/20/16,6833220.064,0,0,1,0,15.73730673,12.34591977,370090.1045,15.75980227,9165254.963,0.343,0.278,0.027810886,4,0.127703048
49,0.1.5,6,I-44,0.1,15.2,6/20/16,6833220.064,0,0,1,0,15.73730673,12.34591977,370090.1045,15.75980227,9165254.963,0.26,0.211,0.021081138,1,0.127703048
50,0.1.5,6,I-44,0.1,15.2,6/20/16,6833220.064,0,0,1,0,15.73730673,12.34591977,370090.1045,15.75980227,9165254.963,0.232,0.188,0.018810862,3,0.127703048
51,0.1.6,6,I-43,0.1,18.5,6/20/16,5484210.712,0,0,1,0,15.51738392,12.34591977,370090.1045,15.75980227,9165254.963,0.13,0.105,0.010540569,2,0.078729942
52,0.1.6,6,I-43,0.1,18.5,6/20/16,5484210.712,0,0,1,0,15.51738392,12.34591977,370090.1045,15.75980227,9165254.963,0.331,0.268,0.02683791,3,0.078729942
53,0.1.6,6,I-43,0.1,18.5,6/20/16,5484210.712,0,0,1,0,15.51738392,12.34591977,370090.1045,15.75980227,9165254.963,NA,0,0,1,0.078729942
54,0.1.6,6,I-43,0.1,18.5,6/20/16,5484210.712,0,0,1,0,15.51738392,12.34591977,370090.1045,15.75980227,9165254.963,0.296,0.24,0.024000065,4,0.078729942
55,0.1.6,6,I-43,0.1,18.5,6/20/16,5484210.712,0,0,1,0,15.51738392,12.34591977,370090.1045,15.75980227,9165254.963,0.214,0.174,0.017351398,5,0.078729942
56,0.1.7,7,I-42,0.1,31.8,6/20/16,1848906.591,0,0,1,0,14.43010553,13.47125369,807859.8751,15.63118044,6362363.067,0.593,0.481,0.048081211,5,0.157459885
57,0.1.7,7,I-42,0.1,31.8,6/20/16,1848906.591,0,0,1,0,14.43010553,13.47125369,807859.8751,15.63118044,6362363.067,0.544,0.441,0.044108227,3,0.157459885
58,0.1.7,7,I-42,0.1,31.8,6/20/16,1848906.591,0,0,1,0,14.43010553,13.47125369,807859.8751,15.63118044,6362363.067,0.415,0.336,0.03364874,4,0.157459885
59,0.1.7,7,I-42,0.1,31.8,6/20/16,1848906.591,0,0,1,0,14.43010553,13.47125369,807859.8751,15.63118044,6362363.067,0.39,0.316,0.031621707,2,0.157459885
60,0.1.7,7,I-42,0.1,31.8,6/20/16,1848906.591,0,0,1,0,14.43010553,13.47125369,807859.8751,15.63118044,6362363.067,NA,0,0,1,0.157459885
61,0.1.8,7,I-41,0.1,27.6,6/20/16,2353459.905,71047.27338,1,1,11.17111483,14.67139753,13.47125369,807859.8751,15.63118044,6362363.067,0.541,0.439,0.043864983,3,0.35983881
62,0.1.8,7,I-41,0.1,27.6,6/20/16,2353459.905,71047.27338,1,1,11.17111483,14.67139753,13.47125369,807859.8751,15.63118044,6362363.067,0.362,0.294,0.029351431,1,0.35983881
63,0.1.8,7,I-41,0.1,27.6,6/20/16,2353459.905,71047.27338,1,1,11.17111483,14.67139753,13.47125369,807859.8751,15.63118044,6362363.067,0.461,0.374,0.037378479,2,0.35983881
64,0.1.8,7,I-41,0.1,27.6,6/20/16,2353459.905,71047.27338,1,1,11.17111483,14.67139753,13.47125369,807859.8751,15.63118044,6362363.067,0.439,0.356,0.035594691,5,0.35983881
65,0.1.8,7,I-41,0.1,27.6,6/20/16,2353459.905,71047.27338,1,1,11.17111483,14.67139753,13.47125369,807859.8751,15.63118044,6362363.067,0.416,0.337,0.033729821,4,0.35983881
66,0.1.8,7,I-68,0.1,22.8,6/30/17,1108065.743,0,0,1,0,13.91812738,13.47125369,807859.8751,15.63118044,6362363.067,0.541,0.439,0.043864983,3,0.35983881
67,0.1.8,7,I-68,0.1,22.8,6/30/17,1108065.743,0,0,1,0,13.91812738,13.47125369,807859.8751,15.63118044,6362363.067,0.362,0.294,0.029351431,1,0.35983881
68,0.1.8,7,I-68,0.1,22.8,6/30/17,1108065.743,0,0,1,0,13.91812738,13.47125369,807859.8751,15.63118044,6362363.067,0.461,0.374,0.037378479,2,0.35983881
69,0.1.8,7,I-68,0.1,22.8,6/30/17,1108065.743,0,0,1,0,13.91812738,13.47125369,807859.8751,15.63118044,6362363.067,0.439,0.356,0.035594691,5,0.35983881
70,0.1.8,7,I-68,0.1,22.8,6/30/17,1108065.743,0,0,1,0,13.91812738,13.47125369,807859.8751,15.63118044,6362363.067,0.416,0.337,0.033729821,4,0.35983881
71,0.1.9,7,I-40,0.1,17.3,6/20/16,1827357.04,0,0,1,0,14.41838179,13.47125369,807859.8751,15.63118044,6362363.067,0.484,0.392,0.039243349,2,0.151703112
72,0.1.9,7,I-40,0.1,17.3,6/20/16,1827357.04,0,0,1,0,14.41838179,13.47125369,807859.8751,15.63118044,6362363.067,0.368,0.298,0.029837918,5,0.151703112
73,0.1.9,7,I-40,0.1,17.3,6/20/16,1827357.04,0,0,1,0,14.41838179,13.47125369,807859.8751,15.63118044,6362363.067,0.39,0.316,0.031621707,4,0.151703112
74,0.1.9,7,I-40,0.1,17.3,6/20/16,1827357.04,0,0,1,0,14.41838179,13.47125369,807859.8751,15.63118044,6362363.067,0.36,0.292,0.029189268,3,0.151703112
75,0.1.9,7,I-40,0.1,17.3,6/20/16,1827357.04,0,0,1,0,14.41838179,13.47125369,807859.8751,15.63118044,6362363.067,0.269,0.218,0.02181087,1,0.151703112
76,1.1,6,I-38,1,23.4,6/20/16,2361531.406,0,0,1,0,14.67482129,12.34591977,370090.1045,15.75980227,9165254.963,NA,0,0,4,1.470814787
77,1.1,6,I-38,1,23.4,6/20/16,2361531.406,0,0,1,0,14.67482129,12.34591977,370090.1045,15.75980227,9165254.963,0.401,0.325,0.325136014,2,1.470814787
78,1.1,6,I-38,1,23.4,6/20/16,2361531.406,0,0,1,0,14.67482129,12.34591977,370090.1045,15.75980227,9165254.963,NA,0,0,5,1.470814787
79,1.1,6,I-38,1,23.4,6/20/16,2361531.406,0,0,1,0,14.67482129,12.34591977,370090.1045,15.75980227,9165254.963,NA,0,0,3,1.470814787
80,1.1,6,I-38,1,23.4,6/20/16,2361531.406,0,0,1,0,14.67482129,12.34591977,370090.1045,15.75980227,9165254.963,0.4,0.324,0.324325201,1,1.470814787
81,1.1,6,I-38,1,23.4,6/20/16,2361531.406,0,0,1,0,14.67482129,12.34591977,370090.1045,15.75980227,9165254.963,0.26,0.211,0.210811381,5,1.470814787
82,1.1,6,I-38,1,23.4,6/20/16,2361531.406,0,0,1,0,14.67482129,12.34591977,370090.1045,15.75980227,9165254.963,NA,0,0,2,1.470814787
83,1.1,6,I-38,1,23.4,6/20/16,2361531.406,0,0,1,0,14.67482129,12.34591977,370090.1045,15.75980227,9165254.963,0.321,0.26,0.260270974,4,1.470814787
84,1.1,6,I-38,1,23.4,6/20/16,2361531.406,0,0,1,0,14.67482129,12.34591977,370090.1045,15.75980227,9165254.963,0.432,0.35,0.350271217,3,1.470814787
85,1.1,6,I-38,1,23.4,6/20/16,2361531.406,0,0,1,0,14.67482129,12.34591977,370090.1045,15.75980227,9165254.963,NA,0,0,1,1.470814787
86,1.11,7,I-52,1,27.4,6/20/16,1268324.876,35324.20405,1,1,10.47235198,14.05320838,13.47125369,807859.8751,15.63118044,6362363.067,0.259,0.21,0.210000568,3,1.550274461
87,1.11,7,I-52,1,27.4,6/20/16,1268324.876,35324.20405,1,1,10.47235198,14.05320838,13.47125369,807859.8751,15.63118044,6362363.067,0.422,0.342,0.342163087,5,1.550274461
88,1.11,7,I-52,1,27.4,6/20/16,1268324.876,35324.20405,1,1,10.47235198,14.05320838,13.47125369,807859.8751,15.63118044,6362363.067,0.368,0.298,0.298379185,4,1.550274461
89,1.11,7,I-52,1,27.4,6/20/16,1268324.876,35324.20405,1,1,10.47235198,14.05320838,13.47125369,807859.8751,15.63118044,6362363.067,0.257,0.208,0.208378942,1,1.550274461
90,1.11,7,I-52,1,27.4,6/20/16,1268324.876,35324.20405,1,1,10.47235198,14.05320838,13.47125369,807859.8751,15.63118044,6362363.067,0.606,0.491,0.491352679,2,1.550274461
91,1.12,6,I-54,0.1,16.5,6/20/16,1444191.066,0,0,1,0,14.1830606,12.34591977,370090.1045,15.75980227,9165254.963,0.29,0.235,0.235135771,3,2.704872178
92,1.12,6,I-54,0.1,16.5,6/20/16,1444191.066,0,0,1,0,14.1830606,12.34591977,370090.1045,15.75980227,9165254.963,0.391,0.317,0.317027884,5,2.704872178
93,1.12,6,I-54,0.1,16.5,6/20/16,1444191.066,0,0,1,0,14.1830606,12.34591977,370090.1045,15.75980227,9165254.963,0.443,0.359,0.35919016,2,2.704872178
94,1.12,6,I-54,0.1,16.5,6/20/16,1444191.066,0,0,1,0,14.1830606,12.34591977,370090.1045,15.75980227,9165254.963,0.251,0.204,0.203514064,1,2.704872178
95,1.12,6,I-54,0.1,16.5,6/20/16,1444191.066,0,0,1,0,14.1830606,12.34591977,370090.1045,15.75980227,9165254.963,0.293,0.238,0.23756821,4,2.704872178
96,1.12,7,I-53,1,22,6/20/16,448807.7919,0,0,1,0,13.01435222,13.47125369,807859.8751,15.63118044,6362363.067,0.29,0.235,0.235135771,3,2.704872178
97,1.12,7,I-53,1,22,6/20/16,448807.7919,0,0,1,0,13.01435222,13.47125369,807859.8751,15.63118044,6362363.067,0.391,0.317,0.317027884,5,2.704872178
98,1.12,7,I-53,1,22,6/20/16,448807.7919,0,0,1,0,13.01435222,13.47125369,807859.8751,15.63118044,6362363.067,0.443,0.359,0.35919016,2,2.704872178
99,1.12,7,I-53,1,22,6/20/16,448807.7919,0,0,1,0,13.01435222,13.47125369,807859.8751,15.63118044,6362363.067,0.251,0.204,0.203514064,1,2.704872178
100,1.12,7,I-53,1,22,6/20/16,448807.7919,0,0,1,0,13.01435222,13.47125369,807859.8751,15.63118044,6362363.067,0.293,0.238,0.23756821,4,2.704872178
101,1.13,7,I-63,1,23.3,6/30/17,1265499.348,0,0,1,0,14.05097813,13.47125369,807859.8751,15.63118044,6362363.067,0.35,0.284,0.283784551,3,1.387301048
102,1.13,7,I-63,1,23.3,6/30/17,1265499.348,0,0,1,0,14.05097813,13.47125369,807859.8751,15.63118044,6362363.067,0.357,0.289,0.289460242,5,1.387301048
103,1.13,7,I-63,1,23.3,6/30/17,1265499.348,0,0,1,0,14.05097813,13.47125369,807859.8751,15.63118044,6362363.067,0.297,0.241,0.240811462,1,1.387301048
104,1.13,7,I-63,1,23.3,6/30/17,1265499.348,0,0,1,0,14.05097813,13.47125369,807859.8751,15.63118044,6362363.067,0.333,0.27,0.27000073,4,1.387301048
105,1.13,7,I-63,1,23.3,6/30/17,1265499.348,0,0,1,0,14.05097813,13.47125369,807859.8751,15.63118044,6362363.067,0.374,0.303,0.303244063,2,1.387301048
106,1.14,8,I-71,1,29.2,6/30/17,2263866.023,0,0,1,0,14.63258498,12.33162848,255931.745,15.03374972,3539671.489,0.329,0.267,0.266757478,5,1.450544462
107,1.14,8,I-71,1,29.2,6/30/17,2263866.023,0,0,1,0,14.63258498,12.33162848,255931.745,15.03374972,3539671.489,0.361,0.293,0.292703494,4,1.450544462
108,1.14,8,I-71,1,29.2,6/30/17,2263866.023,0,0,1,0,14.63258498,12.33162848,255931.745,15.03374972,3539671.489,0.324,0.263,0.262703413,2,1.450544462
109,1.14,8,I-71,1,29.2,6/30/17,2263866.023,0,0,1,0,14.63258498,12.33162848,255931.745,15.03374972,3539671.489,0.419,0.34,0.339730648,3,1.450544462
110,1.14,8,I-71,1,29.2,6/30/17,2263866.023,0,0,1,0,14.63258498,12.33162848,255931.745,15.03374972,3539671.489,0.356,0.289,0.288649429,1,1.450544462
111,1.15,8,I-70,1,21.8,6/30/17,3014116.498,0,0,1,0,14.91881764,12.33162848,255931.745,15.03374972,3539671.489,0.137,0.111,0.111081381,4,0.743515524
112,1.15,8,I-70,1,21.8,6/30/17,3014116.498,0,0,1,0,14.91881764,12.33162848,255931.745,15.03374972,3539671.489,0.232,0.188,0.188108617,2,0.743515524
113,1.15,8,I-70,1,21.8,6/30/17,3014116.498,0,0,1,0,14.91881764,12.33162848,255931.745,15.03374972,3539671.489,NA,0,0,3,0.743515524
114,1.15,8,I-70,1,21.8,6/30/17,3014116.498,0,0,1,0,14.91881764,12.33162848,255931.745,15.03374972,3539671.489,0.229,0.186,0.185676178,1,0.743515524
115,1.15,8,I-70,1,21.8,6/30/17,3014116.498,0,0,1,0,14.91881764,12.33162848,255931.745,15.03374972,3539671.489,0.319,0.259,0.258649348,5,0.743515524
116,1.16,8,I-67,1,33.6,6/30/17,3601913.019,68301.37967,1,1,11.13169989,15.09697593,12.33162848,255931.745,15.03374972,3539671.489,0.403,0.327,0.32675764,2,1.425409259
117,1.16,8,I-67,1,33.6,6/30/17,3601913.019,68301.37967,1,1,11.13169989,15.09697593,12.33162848,255931.745,15.03374972,3539671.489,0.253,0.205,0.20513569,4,1.425409259
118,1.16,8,I-67,1,33.6,6/30/17,3601913.019,68301.37967,1,1,11.13169989,15.09697593,12.33162848,255931.745,15.03374972,3539671.489,0.329,0.267,0.266757478,3,1.425409259
119,1.16,8,I-67,1,33.6,6/30/17,3601913.019,68301.37967,1,1,11.13169989,15.09697593,12.33162848,255931.745,15.03374972,3539671.489,0.479,0.388,0.388379428,5,1.425409259
120,1.16,8,I-67,1,33.6,6/30/17,3601913.019,68301.37967,1,1,11.13169989,15.09697593,12.33162848,255931.745,15.03374972,3539671.489,0.294,0.238,0.238379023,1,1.425409259
121,1.17,8,I-66,1,25.1,6/30/17,6291577.915,0,0,1,0,15.65472262,12.33162848,255931.745,15.03374972,3539671.489,0.295,0.239,0.239189836,3,1.776491288
122,1.17,8,I-66,1,25.1,6/30/17,6291577.915,0,0,1,0,15.65472262,12.33162848,255931.745,15.03374972,3539671.489,0.35,0.284,0.283784551,5,1.776491288
123,1.17,8,I-66,1,25.1,6/30/17,6291577.915,0,0,1,0,15.65472262,12.33162848,255931.745,15.03374972,3539671.489,0.656,0.532,0.531893329,2,1.776491288
124,1.17,8,I-66,1,25.1,6/30/17,6291577.915,0,0,1,0,15.65472262,12.33162848,255931.745,15.03374972,3539671.489,0.343,0.278,0.27810886,4,1.776491288
125,1.17,8,I-66,1,25.1,6/30/17,6291577.915,0,0,1,0,15.65472262,12.33162848,255931.745,15.03374972,3539671.489,0.547,0.444,0.443514712,1,1.776491288
126,1.18,8,I-64,1,26.7,6/30/17,2976400.518,105541.5748,1,1,11.5668697,14.90622558,12.33162848,255931.745,15.03374972,3539671.489,0.326,0.264,0.264325039,3,1.321625195
127,1.18,8,I-64,1,26.7,6/30/17,2976400.518,105541.5748,1,1,11.5668697,14.90622558,12.33162848,255931.745,15.03374972,3539671.489,0.308,0.25,0.249730405,4,1.321625195
128,1.18,8,I-64,1,26.7,6/30/17,2976400.518,105541.5748,1,1,11.5668697,14.90622558,12.33162848,255931.745,15.03374972,3539671.489,0.487,0.395,0.394865932,2,1.321625195
129,1.18,8,I-64,1,26.7,6/30/17,2976400.518,105541.5748,1,1,11.5668697,14.90622558,12.33162848,255931.745,15.03374972,3539671.489,0.256,0.208,0.207568129,1,1.321625195
130,1.18,8,I-64,1,26.7,6/30/17,2976400.518,105541.5748,1,1,11.5668697,14.90622558,12.33162848,255931.745,15.03374972,3539671.489,0.253,0.205,0.20513569,5,1.321625195
131,1.19,8,I-65,1,17.9,6/30/17,764170.9621,0,0,1,0,13.54654812,12.33162848,255931.745,15.03374972,3539671.489,0.192,0.156,0.155676096,2,0.746758773
132,1.19,8,I-65,1,17.9,6/30/17,764170.9621,0,0,1,0,13.54654812,12.33162848,255931.745,15.03374972,3539671.489,0.183,0.148,0.148378779,4,0.746758773
133,1.19,8,I-65,1,17.9,6/30/17,764170.9621,0,0,1,0,13.54654812,12.33162848,255931.745,15.03374972,3539671.489,0.176,0.143,0.142703088,5,0.746758773
134,1.19,8,I-65,1,17.9,6/30/17,764170.9621,0,0,1,0,13.54654812,12.33162848,255931.745,15.03374972,3539671.489,0.176,0.143,0.142703088,1,0.746758773
135,1.19,8,I-65,1,17.9,6/30/17,764170.9621,0,0,1,0,13.54654812,12.33162848,255931.745,15.03374972,3539671.489,0.194,0.157,0.157297722,3,0.746758773
136,1.2,6,I-45,1,14.7,6/20/16,4081007.566,96155.33393,1,1,11.47373062,15.22185471,12.34591977,370090.1045,15.75980227,9165254.963,0.367,0.298,0.297568372,4,4.597309724
137,1.2,6,I-45,1,14.7,6/20/16,4081007.566,96155.33393,1,1,11.47373062,15.22185471,12.34591977,370090.1045,15.75980227,9165254.963,0.25,0.203,0.202703251,4,4.597309724
138,1.2,6,I-45,1,14.7,6/20/16,4081007.566,96155.33393,1,1,11.47373062,15.22185471,12.34591977,370090.1045,15.75980227,9165254.963,0.357,0.289,0.289460242,2,4.597309724
139,1.2,6,I-45,1,14.7,6/20/16,4081007.566,96155.33393,1,1,11.47373062,15.22185471,12.34591977,370090.1045,15.75980227,9165254.963,0.375,0.304,0.304054876,5,4.597309724
140,1.2,6,I-45,1,14.7,6/20/16,4081007.566,96155.33393,1,1,11.47373062,15.22185471,12.34591977,370090.1045,15.75980227,9165254.963,0.284,0.23,0.230270893,1,4.597309724
141,1.2,6,I-45,1,14.7,6/20/16,4081007.566,96155.33393,1,1,11.47373062,15.22185471,12.34591977,370090.1045,15.75980227,9165254.963,0.226,0.183,0.183243738,5,4.597309724
142,1.2,6,I-45,1,14.7,6/20/16,4081007.566,96155.33393,1,1,11.47373062,15.22185471,12.34591977,370090.1045,15.75980227,9165254.963,0.098,0.079,0.079459674,1,4.597309724
143,1.2,6,I-45,1,14.7,6/20/16,4081007.566,96155.33393,1,1,11.47373062,15.22185471,12.34591977,370090.1045,15.75980227,9165254.963,0.167,0.135,0.135405771,3,4.597309724
144,1.2,6,I-45,1,14.7,6/20/16,4081007.566,96155.33393,1,1,11.47373062,15.22185471,12.34591977,370090.1045,15.75980227,9165254.963,0.422,0.342,0.342163087,2,4.597309724
145,1.2,6,I-45,1,14.7,6/20/16,4081007.566,96155.33393,1,1,11.47373062,15.22185471,12.34591977,370090.1045,15.75980227,9165254.963,0.289,0.234,0.234324958,3,4.597309724
146,1.2,8,I-62,1,21.8,6/30/17,753548.0078,0,0,1,0,13.53254934,12.33162848,255931.745,15.03374972,3539671.489,0.367,0.298,0.297568372,4,4.597309724
147,1.2,8,I-62,1,21.8,6/30/17,753548.0078,0,0,1,0,13.53254934,12.33162848,255931.745,15.03374972,3539671.489,0.25,0.203,0.202703251,4,4.597309724
148,1.2,8,I-62,1,21.8,6/30/17,753548.0078,0,0,1,0,13.53254934,12.33162848,255931.745,15.03374972,3539671.489,0.357,0.289,0.289460242,2,4.597309724
149,1.2,8,I-62,1,21.8,6/30/17,753548.0078,0,0,1,0,13.53254934,12.33162848,255931.745,15.03374972,3539671.489,0.375,0.304,0.304054876,5,4.597309724
150,1.2,8,I-62,1,21.8,6/30/17,753548.0078,0,0,1,0,13.53254934,12.33162848,255931.745,15.03374972,3539671.489,0.284,0.23,0.230270893,1,4.597309724
151,1.2,8,I-62,1,21.8,6/30/17,753548.0078,0,0,1,0,13.53254934,12.33162848,255931.745,15.03374972,3539671.489,0.226,0.183,0.183243738,5,4.597309724
152,1.2,8,I-62,1,21.8,6/30/17,753548.0078,0,0,1,0,13.53254934,12.33162848,255931.745,15.03374972,3539671.489,0.098,0.079,0.079459674,1,4.597309724
153,1.2,8,I-62,1,21.8,6/30/17,753548.0078,0,0,1,0,13.53254934,12.33162848,255931.745,15.03374972,3539671.489,0.167,0.135,0.135405771,3,4.597309724
154,1.2,8,I-62,1,21.8,6/30/17,753548.0078,0,0,1,0,13.53254934,12.33162848,255931.745,15.03374972,3539671.489,0.422,0.342,0.342163087,2,4.597309724
155,1.2,8,I-62,1,21.8,6/30/17,753548.0078,0,0,1,0,13.53254934,12.33162848,255931.745,15.03374972,3539671.489,0.289,0.234,0.234324958,3,4.597309724
156,1.3,6,I-46,1,8.8,6/20/16,1915225.422,0,0,1,0,14.46534641,12.34591977,370090.1045,15.75980227,9165254.963,0.13,0.105,0.10540569,1,0.960813407
157,1.3,6,I-46,1,8.8,6/20/16,1915225.422,0,0,1,0,14.46534641,12.34591977,370090.1045,15.75980227,9165254.963,0.162,0.131,0.131351706,3,0.960813407
158,1.3,6,I-46,1,8.8,6/20/16,1915225.422,0,0,1,0,14.46534641,12.34591977,370090.1045,15.75980227,9165254.963,0.346,0.281,0.280541299,2,0.960813407
159,1.3,6,I-46,1,8.8,6/20/16,1915225.422,0,0,1,0,14.46534641,12.34591977,370090.1045,15.75980227,9165254.963,0.345,0.28,0.279730486,5,0.960813407
160,1.3,6,I-46,1,8.8,6/20/16,1915225.422,0,0,1,0,14.46534641,12.34591977,370090.1045,15.75980227,9165254.963,0.202,0.164,0.163784226,4,0.960813407
161,1.4,6,I-47,1,8.4,6/20/16,3155619.266,0,0,1,0,14.96469563,12.34591977,370090.1045,15.75980227,9165254.963,0.392,0.318,0.317838697,2,1.182976171
162,1.4,6,I-47,1,8.4,6/20/16,3155619.266,0,0,1,0,14.96469563,12.34591977,370090.1045,15.75980227,9165254.963,0.273,0.221,0.22135195,1,1.182976171
163,1.4,6,I-47,1,8.4,6/20/16,3155619.266,0,0,1,0,14.96469563,12.34591977,370090.1045,15.75980227,9165254.963,0.287,0.233,0.232703332,5,1.182976171
164,1.4,6,I-47,1,8.4,6/20/16,3155619.266,0,0,1,0,14.96469563,12.34591977,370090.1045,15.75980227,9165254.963,0.186,0.151,0.150811218,3,1.182976171
165,1.4,6,I-47,1,8.4,6/20/16,3155619.266,0,0,1,0,14.96469563,12.34591977,370090.1045,15.75980227,9165254.963,0.321,0.26,0.260270974,4,1.182976171
166,1.5,6,I-48,1,21.9,6/20/16,7045100.667,0,0,1,0,15.76784313,12.34591977,370090.1045,15.75980227,9165254.963,0.186,0.151,0.150811218,3,0.960002594
167,1.5,6,I-48,1,21.9,6/20/16,7045100.667,0,0,1,0,15.76784313,12.34591977,370090.1045,15.75980227,9165254.963,0.162,0.131,0.131351706,1,0.960002594
168,1.5,6,I-48,1,21.9,6/20/16,7045100.667,0,0,1,0,15.76784313,12.34591977,370090.1045,15.75980227,9165254.963,0.371,0.301,0.300811624,4,0.960002594
169,1.5,6,I-48,1,21.9,6/20/16,7045100.667,0,0,1,0,15.76784313,12.34591977,370090.1045,15.75980227,9165254.963,0.465,0.377,0.377028046,5,0.960002594
170,1.5,6,I-48,1,21.9,6/20/16,7045100.667,0,0,1,0,15.76784313,12.34591977,370090.1045,15.75980227,9165254.963,NA,0,0,2,0.960002594
171,1.6,6,I-49,1,31.3,6/20/16,1526731.961,0,0,1,0,14.23864069,12.34591977,370090.1045,15.75980227,9165254.963,0.336,0.272,0.272433169,3,1.257570967
172,1.6,6,I-49,1,31.3,6/20/16,1526731.961,0,0,1,0,14.23864069,12.34591977,370090.1045,15.75980227,9165254.963,0.225,0.182,0.182432925,1,1.257570967
173,1.6,6,I-49,1,31.3,6/20/16,1526731.961,0,0,1,0,14.23864069,12.34591977,370090.1045,15.75980227,9165254.963,0.352,0.285,0.285406177,5,1.257570967
174,1.6,6,I-49,1,31.3,6/20/16,1526731.961,0,0,1,0,14.23864069,12.34591977,370090.1045,15.75980227,9165254.963,0.268,0.217,0.217297885,4,1.257570967
175,1.6,6,I-49,1,31.3,6/20/16,1526731.961,0,0,1,0,14.23864069,12.34591977,370090.1045,15.75980227,9165254.963,0.37,0.3,0.300000811,2,1.257570967
176,1.7,7,I-50,1,32.5,6/20/16,687401.2645,0,0,1,0,13.44067494,13.47125369,807859.8751,15.63118044,6362363.067,0.408,0.331,0.330811705,2,1.070273163
177,1.7,7,I-50,1,32.5,6/20/16,687401.2645,0,0,1,0,13.44067494,13.47125369,807859.8751,15.63118044,6362363.067,0.21,0.17,0.17027073,1,1.070273163
178,1.7,7,I-50,1,32.5,6/20/16,687401.2645,0,0,1,0,13.44067494,13.47125369,807859.8751,15.63118044,6362363.067,0.256,0.208,0.207568129,3,1.070273163
179,1.7,7,I-50,1,32.5,6/20/16,687401.2645,0,0,1,0,13.44067494,13.47125369,807859.8751,15.63118044,6362363.067,0.245,0.199,0.198649186,4,1.070273163
180,1.7,7,I-50,1,32.5,6/20/16,687401.2645,0,0,1,0,13.44067494,13.47125369,807859.8751,15.63118044,6362363.067,0.201,0.163,0.162973413,5,1.070273163
181,1.8,7,I-51,1,21.6,6/20/16,5433650.513,0,0,1,0,15.50812194,13.47125369,807859.8751,15.63118044,6362363.067,0.371,0.301,0.300811624,5,1.624869257
182,1.8,7,I-51,1,21.6,6/20/16,5433650.513,0,0,1,0,15.50812194,13.47125369,807859.8751,15.63118044,6362363.067,0.456,0.37,0.369730729,4,1.624869257
183,1.8,7,I-51,1,21.6,6/20/16,5433650.513,0,0,1,0,15.50812194,13.47125369,807859.8751,15.63118044,6362363.067,0.343,0.278,0.27810886,1,1.624869257
184,1.8,7,I-51,1,21.6,6/20/16,5433650.513,0,0,1,0,15.50812194,13.47125369,807859.8751,15.63118044,6362363.067,0.428,0.347,0.347027965,2,1.624869257
185,1.8,7,I-51,1,21.6,6/20/16,5433650.513,0,0,1,0,15.50812194,13.47125369,807859.8751,15.63118044,6362363.067,0.406,0.329,0.329190079,3,1.624869257
186,20.1,6,I-6,20,5.9,3/2/16,14437298.5,135749.5345,1,1,11.81857418,16.48532566,12.34591977,370090.1045,15.75980227,9165254.963,0.189,0.153,3.064873148,5,64.04449742
187,20.1,6,I-6,20,5.9,3/2/16,14437298.5,135749.5345,1,1,11.81857418,16.48532566,12.34591977,370090.1045,15.75980227,9165254.963,0.188,0.152,3.048656888,3,64.04449742
188,20.1,6,I-6,20,5.9,3/2/16,14437298.5,135749.5345,1,1,11.81857418,16.48532566,12.34591977,370090.1045,15.75980227,9165254.963,0.189,0.153,3.064873148,2,64.04449742
189,20.1,6,I-6,20,5.9,3/2/16,14437298.5,135749.5345,1,1,11.81857418,16.48532566,12.34591977,370090.1045,15.75980227,9165254.963,0.189,0.153,3.064873148,1,64.04449742
190,20.1,6,I-6,20,5.9,3/2/16,14437298.5,135749.5345,1,1,11.81857418,16.48532566,12.34591977,370090.1045,15.75980227,9165254.963,0.1967,0.159,3.189738351,2,64.04449742
191,20.1,6,I-6,20,5.9,3/2/16,14437298.5,135749.5345,1,1,11.81857418,16.48532566,12.34591977,370090.1045,15.75980227,9165254.963,0.215,0.174,3.486495909,5,64.04449742
192,20.1,6,I-6,20,5.9,3/2/16,14437298.5,135749.5345,1,1,11.81857418,16.48532566,12.34591977,370090.1045,15.75980227,9165254.963,0.263,0.213,4.264876392,4,64.04449742
193,20.1,6,I-6,20,5.9,3/2/16,14437298.5,135749.5345,1,1,11.81857418,16.48532566,12.34591977,370090.1045,15.75980227,9165254.963,0.161,0.131,2.610817867,4,64.04449742
194,20.1,6,I-6,20,5.9,3/2/16,14437298.5,135749.5345,1,1,11.81857418,16.48532566,12.34591977,370090.1045,15.75980227,9165254.963,0.206,0.167,3.340549569,3,64.04449742
195,20.1,6,I-6,20,5.9,3/2/16,14437298.5,135749.5345,1,1,11.81857418,16.48532566,12.34591977,370090.1045,15.75980227,9165254.963,0.178,0.144,2.886494288,1,64.04449742
196,20.1,7,I-28,20,22.5,12/9/16,711063.6036,0,0,1,0,13.47451857,13.47125369,807859.8751,15.63118044,6362363.067,0.189,0.153,3.064873148,5,64.04449742
197,20.1,7,I-28,20,22.5,12/9/16,711063.6036,0,0,1,0,13.47451857,13.47125369,807859.8751,15.63118044,6362363.067,0.188,0.152,3.048656888,3,64.04449742
198,20.1,7,I-28,20,22.5,12/9/16,711063.6036,0,0,1,0,13.47451857,13.47125369,807859.8751,15.63118044,6362363.067,0.189,0.153,3.064873148,2,64.04449742
199,20.1,7,I-28,20,22.5,12/9/16,711063.6036,0,0,1,0,13.47451857,13.47125369,807859.8751,15.63118044,6362363.067,0.189,0.153,3.064873148,1,64.04449742
200,20.1,7,I-28,20,22.5,12/9/16,711063.6036,0,0,1,0,13.47451857,13.47125369,807859.8751,15.63118044,6362363.067,0.1967,0.159,3.189738351,2,64.04449742
201,20.1,7,I-28,20,22.5,12/9/16,711063.6036,0,0,1,0,13.47451857,13.47125369,807859.8751,15.63118044,6362363.067,0.215,0.174,3.486495909,5,64.04449742
202,20.1,7,I-28,20,22.5,12/9/16,711063.6036,0,0,1,0,13.47451857,13.47125369,807859.8751,15.63118044,6362363.067,0.263,0.213,4.264876392,4,64.04449742
203,20.1,7,I-28,20,22.5,12/9/16,711063.6036,0,0,1,0,13.47451857,13.47125369,807859.8751,15.63118044,6362363.067,0.161,0.131,2.610817867,4,64.04449742
204,20.1,7,I-28,20,22.5,12/9/16,711063.6036,0,0,1,0,13.47451857,13.47125369,807859.8751,15.63118044,6362363.067,0.206,0.167,3.340549569,3,64.04449742
205,20.1,7,I-28,20,22.5,12/9/16,711063.6036,0,0,1,0,13.47451857,13.47125369,807859.8751,15.63118044,6362363.067,0.178,0.144,2.886494288,1,64.04449742
206,20.11,7,I-29,20,15.6,12/9/16,1611249.343,50534.09452,1,1,10.83042331,14.29252105,13.47125369,807859.8751,15.63118044,6362363.067,0.164,0.133,2.659466647,1,15.95679988
207,20.11,7,I-29,20,15.6,12/9/16,1611249.343,50534.09452,1,1,10.83042331,14.29252105,13.47125369,807859.8751,15.63118044,6362363.067,0.182,0.148,2.951359328,2,15.95679988
208,20.11,7,I-29,20,15.6,12/9/16,1611249.343,50534.09452,1,1,10.83042331,14.29252105,13.47125369,807859.8751,15.63118044,6362363.067,0.235,0.191,3.81082111,4,15.95679988
209,20.11,7,I-29,20,15.6,12/9/16,1611249.343,50534.09452,1,1,10.83042331,14.29252105,13.47125369,807859.8751,15.63118044,6362363.067,0.23,0.186,3.72973981,3,15.95679988
210,20.11,7,I-29,20,15.6,12/9/16,1611249.343,50534.09452,1,1,10.83042331,14.29252105,13.47125369,807859.8751,15.63118044,6362363.067,0.173,0.14,2.805412988,5,15.95679988
211,20.12,7,I-30,20,12.6,12/9/16,354989.5868,0,0,1,0,12.77984655,13.47125369,807859.8751,15.63118044,6362363.067,0.25,0.203,4.054065011,3,17.05950557
212,20.12,7,I-30,20,12.6,12/9/16,354989.5868,0,0,1,0,12.77984655,13.47125369,807859.8751,15.63118044,6362363.067,0.215,0.174,3.486495909,5,17.05950557
213,20.12,7,I-30,20,12.6,12/9/16,354989.5868,0,0,1,0,12.77984655,13.47125369,807859.8751,15.63118044,6362363.067,0.141,0.114,2.286492666,4,17.05950557
214,20.12,7,I-30,20,12.6,12/9/16,354989.5868,0,0,1,0,12.77984655,13.47125369,807859.8751,15.63118044,6362363.067,0.124,0.101,2.010816245,2,17.05950557
215,20.12,7,I-30,20,12.6,12/9/16,354989.5868,0,0,1,0,12.77984655,13.47125369,807859.8751,15.63118044,6362363.067,0.322,0.261,5.221635734,1,17.05950557
216,20.13,7,I-31,20,25.4,12/9/16,1967606.736,67562.64967,1,1,11.12082539,14.49232902,13.47125369,807859.8751,15.63118044,6362363.067,0.111,0.09,1.800004865,5,14.33517388
217,20.13,7,I-31,20,25.4,12/9/16,1967606.736,67562.64967,1,1,11.12082539,14.49232902,13.47125369,807859.8751,15.63118044,6362363.067,0.222,0.18,3.60000973,3,14.33517388
218,20.13,7,I-31,20,25.4,12/9/16,1967606.736,67562.64967,1,1,11.12082539,14.49232902,13.47125369,807859.8751,15.63118044,6362363.067,0.238,0.193,3.85946989,4,14.33517388
219,20.13,7,I-31,20,25.4,12/9/16,1967606.736,67562.64967,1,1,11.12082539,14.49232902,13.47125369,807859.8751,15.63118044,6362363.067,0.19,0.154,3.081089408,2,14.33517388
220,20.13,7,I-31,20,25.4,12/9/16,1967606.736,67562.64967,1,1,11.12082539,14.49232902,13.47125369,807859.8751,15.63118044,6362363.067,0.123,0.1,1.994599985,1,14.33517388
221,20.14,7,I-32,20,26.2,12/9/16,1186172.236,34353.87187,1,1,10.44449912,13.98624292,13.47125369,807859.8751,15.63118044,6362363.067,0.223,0.181,3.61622599,3,14.64328282
222,20.14,7,I-32,20,26.2,12/9/16,1186172.236,34353.87187,1,1,10.44449912,13.98624292,13.47125369,807859.8751,15.63118044,6362363.067,0.246,0.199,3.989199971,5,14.64328282
223,20.14,7,I-32,20,26.2,12/9/16,1186172.236,34353.87187,1,1,10.44449912,13.98624292,13.47125369,807859.8751,15.63118044,6362363.067,0.14,0.114,2.270276406,1,14.64328282
224,20.14,7,I-32,20,26.2,12/9/16,1186172.236,34353.87187,1,1,10.44449912,13.98624292,13.47125369,807859.8751,15.63118044,6362363.067,0.094,0.076,1.524328444,2,14.64328282
225,20.14,7,I-32,20,26.2,12/9/16,1186172.236,34353.87187,1,1,10.44449912,13.98624292,13.47125369,807859.8751,15.63118044,6362363.067,0.2,0.162,3.243252009,4,14.64328282
226,20.15,7,I-33,20,19.1,12/9/16,762307.2096,39533.56334,1,1,10.58493059,13.54410623,13.47125369,807859.8751,15.63118044,6362363.067,0.134,0.109,2.172978846,1,42.81092651
227,20.15,7,I-33,20,19.1,12/9/16,762307.2096,39533.56334,1,1,10.58493059,13.54410623,13.47125369,807859.8751,15.63118044,6362363.067,0.256,0.208,4.151362571,2,42.81092651
228,20.15,7,I-33,20,19.1,12/9/16,762307.2096,39533.56334,1,1,10.58493059,13.54410623,13.47125369,807859.8751,15.63118044,6362363.067,0.204,0.165,3.308117049,5,42.81092651
229,20.15,7,I-33,20,19.1,12/9/16,762307.2096,39533.56334,1,1,10.58493059,13.54410623,13.47125369,807859.8751,15.63118044,6362363.067,1.907,1.546,30.9244079,3,42.81092651
230,20.15,7,I-33,20,19.1,12/9/16,762307.2096,39533.56334,1,1,10.58493059,13.54410623,13.47125369,807859.8751,15.63118044,6362363.067,0.139,0.113,2.254060146,4,42.81092651
231,20.17,7,I-34,20,20.1,12/9/16,672984.0047,0,0,1,0,13.41947833,13.47125369,807859.8751,15.63118044,6362363.067,0.21,0.17,3.405414609,5,18.45410393
232,20.17,7,I-34,20,20.1,12/9/16,672984.0047,0,0,1,0,13.41947833,13.47125369,807859.8751,15.63118044,6362363.067,0.232,0.188,3.76217233,2,18.45410393
233,20.17,7,I-34,20,20.1,12/9/16,672984.0047,0,0,1,0,13.41947833,13.47125369,807859.8751,15.63118044,6362363.067,0.222,0.18,3.60000973,1,18.45410393
234,20.17,7,I-34,20,20.1,12/9/16,672984.0047,0,0,1,0,13.41947833,13.47125369,807859.8751,15.63118044,6362363.067,0.273,0.221,4.427038992,3,18.45410393
235,20.17,7,I-34,20,20.1,12/9/16,672984.0047,0,0,1,0,13.41947833,13.47125369,807859.8751,15.63118044,6362363.067,0.201,0.163,3.259468269,4,18.45410393
236,20.18,8,I-35,20,20.6,12/9/16,248844.663,0,0,1,0,12.42458816,12.33162848,255931.745,15.03374972,3539671.489,0.177,0.144,2.870278028,4,15.27571696
237,20.18,8,I-35,20,20.6,12/9/16,248844.663,0,0,1,0,12.42458816,12.33162848,255931.745,15.03374972,3539671.489,0.161,0.131,2.610817867,1,15.27571696
238,20.18,8,I-35,20,20.6,12/9/16,248844.663,0,0,1,0,12.42458816,12.33162848,255931.745,15.03374972,3539671.489,0.256,0.208,4.151362571,2,15.27571696
239,20.18,8,I-35,20,20.6,12/9/16,248844.663,0,0,1,0,12.42458816,12.33162848,255931.745,15.03374972,3539671.489,0.197,0.16,3.194603229,5,15.27571696
240,20.18,8,I-35,20,20.6,12/9/16,248844.663,0,0,1,0,12.42458816,12.33162848,255931.745,15.03374972,3539671.489,0.151,0.122,2.448655267,3,15.27571696
241,20.19,8,I-36,20,25.8,12/9/16,1447455.434,0,0,1,0,14.18531839,12.33162848,255931.745,15.03374972,3539671.489,0.193,0.156,3.129738188,5,13.21625194
242,20.19,8,I-36,20,25.8,12/9/16,1447455.434,0,0,1,0,14.18531839,12.33162848,255931.745,15.03374972,3539671.489,0.169,0.137,2.740547947,3,13.21625194
243,20.19,8,I-36,20,25.8,12/9/16,1447455.434,0,0,1,0,14.18531839,12.33162848,255931.745,15.03374972,3539671.489,0.145,0.118,2.351357706,4,13.21625194
244,20.19,8,I-36,20,25.8,12/9/16,1447455.434,0,0,1,0,14.18531839,12.33162848,255931.745,15.03374972,3539671.489,0.108,0.088,1.751356085,1,13.21625194
245,20.19,8,I-36,20,25.8,12/9/16,1447455.434,0,0,1,0,14.18531839,12.33162848,255931.745,15.03374972,3539671.489,0.2,0.162,3.243252009,2,13.21625194
246,20.2,6,I-7,20,4,3/2/16,5148637.667,72173.72213,1,1,11.18684515,15.4542429,12.34591977,370090.1045,15.75980227,9165254.963,0.252,0.204,4.086497531,5,61.00557028
247,20.2,6,I-7,20,4,3/2/16,5148637.667,72173.72213,1,1,11.18684515,15.4542429,12.34591977,370090.1045,15.75980227,9165254.963,0.158,0.128,2.562169087,3,61.00557028
248,20.2,6,I-7,20,4,3/2/16,5148637.667,72173.72213,1,1,11.18684515,15.4542429,12.34591977,370090.1045,15.75980227,9165254.963,0.238,0.193,3.85946989,2,61.00557028
249,20.2,6,I-7,20,4,3/2/16,5148637.667,72173.72213,1,1,11.18684515,15.4542429,12.34591977,370090.1045,15.75980227,9165254.963,0.106,0.086,1.718923565,2,61.00557028
250,20.2,6,I-7,20,4,3/2/16,5148637.667,72173.72213,1,1,11.18684515,15.4542429,12.34591977,370090.1045,15.75980227,9165254.963,0.167,0.135,2.708115427,3,61.00557028
251,20.2,6,I-7,20,4,3/2/16,5148637.667,72173.72213,1,1,11.18684515,15.4542429,12.34591977,370090.1045,15.75980227,9165254.963,0.191,0.155,3.097305668,4,61.00557028
252,20.2,6,I-7,20,4,3/2/16,5148637.667,72173.72213,1,1,11.18684515,15.4542429,12.34591977,370090.1045,15.75980227,9165254.963,0.204,0.165,3.308117049,1,61.00557028
253,20.2,6,I-7,20,4,3/2/16,5148637.667,72173.72213,1,1,11.18684515,15.4542429,12.34591977,370090.1045,15.75980227,9165254.963,0.193,0.156,3.129738188,4,61.00557028
254,20.2,6,I-7,20,4,3/2/16,5148637.667,72173.72213,1,1,11.18684515,15.4542429,12.34591977,370090.1045,15.75980227,9165254.963,0.176,0.143,2.854061768,5,61.00557028
255,20.2,6,I-7,20,4,3/2/16,5148637.667,72173.72213,1,1,11.18684515,15.4542429,12.34591977,370090.1045,15.75980227,9165254.963,0.196,0.159,3.178386969,1,61.00557028
256,20.2,8,I-37,20,14.3,12/9/16,2239859.242,0,0,1,0,14.62192403,12.33162848,255931.745,15.03374972,3539671.489,0.252,0.204,4.086497531,5,61.00557028
257,20.2,8,I-37,20,14.3,12/9/16,2239859.242,0,0,1,0,14.62192403,12.33162848,255931.745,15.03374972,3539671.489,0.158,0.128,2.562169087,3,61.00557028
258,20.2,8,I-37,20,14.3,12/9/16,2239859.242,0,0,1,0,14.62192403,12.33162848,255931.745,15.03374972,3539671.489,0.238,0.193,3.85946989,2,61.00557028
259,20.2,8,I-37,20,14.3,12/9/16,2239859.242,0,0,1,0,14.62192403,12.33162848,255931.745,15.03374972,3539671.489,0.106,0.086,1.718923565,2,61.00557028
260,20.2,8,I-37,20,14.3,12/9/16,2239859.242,0,0,1,0,14.62192403,12.33162848,255931.745,15.03374972,3539671.489,0.167,0.135,2.708115427,3,61.00557028
261,20.2,8,I-37,20,14.3,12/9/16,2239859.242,0,0,1,0,14.62192403,12.33162848,255931.745,15.03374972,3539671.489,0.191,0.155,3.097305668,4,61.00557028
262,20.2,8,I-37,20,14.3,12/9/16,2239859.242,0,0,1,0,14.62192403,12.33162848,255931.745,15.03374972,3539671.489,0.204,0.165,3.308117049,1,61.00557028
263,20.2,8,I-37,20,14.3,12/9/16,2239859.242,0,0,1,0,14.62192403,12.33162848,255931.745,15.03374972,3539671.489,0.193,0.156,3.129738188,4,61.00557028
264,20.2,8,I-37,20,14.3,12/9/16,2239859.242,0,0,1,0,14.62192403,12.33162848,255931.745,15.03374972,3539671.489,0.176,0.143,2.854061768,5,61.00557028
265,20.2,8,I-37,20,14.3,12/9/16,2239859.242,0,0,1,0,14.62192403,12.33162848,255931.745,15.03374972,3539671.489,0.196,0.159,3.178386969,1,61.00557028
266,20.3,6,I-8,20,6.7,3/2/16,42078819.99,220553.6899,1,1,12.30390097,17.55505511,12.34591977,370090.1045,15.75980227,9165254.963,0.141,0.114,2.286492666,4,14.529769
267,20.3,6,I-8,20,6.7,3/2/16,42078819.99,220553.6899,1,1,12.30390097,17.55505511,12.34591977,370090.1045,15.75980227,9165254.963,0.191,0.155,3.097305668,1,14.529769
268,20.3,6,I-8,20,6.7,3/2/16,42078819.99,220553.6899,1,1,12.30390097,17.55505511,12.34591977,370090.1045,15.75980227,9165254.963,0.21,0.17,3.405414609,2,14.529769
269,20.3,6,I-8,20,6.7,3/2/16,42078819.99,220553.6899,1,1,12.30390097,17.55505511,12.34591977,370090.1045,15.75980227,9165254.963,0.177,0.144,2.870278028,5,14.529769
270,20.3,6,I-8,20,6.7,3/2/16,42078819.99,220553.6899,1,1,12.30390097,17.55505511,12.34591977,370090.1045,15.75980227,9165254.963,0.177,0.144,2.870278028,3,14.529769
271,20.4,6,I-9,20,1,3/2/16,3109227.003,102977.0344,1,1,11.54227099,14.94988502,12.34591977,370090.1045,15.75980227,9165254.963,0.226,0.183,3.66487477,3,15.56760964
272,20.4,6,I-9,20,1,3/2/16,3109227.003,102977.0344,1,1,11.54227099,14.94988502,12.34591977,370090.1045,15.75980227,9165254.963,0.205,0.166,3.324333309,2,15.56760964
273,20.4,6,I-9,20,1,3/2/16,3109227.003,102977.0344,1,1,11.54227099,14.94988502,12.34591977,370090.1045,15.75980227,9165254.963,0.192,0.156,3.113521928,1,15.56760964
274,20.4,6,I-9,20,1,3/2/16,3109227.003,102977.0344,1,1,11.54227099,14.94988502,12.34591977,370090.1045,15.75980227,9165254.963,0.203,0.165,3.291900789,5,15.56760964
275,20.4,6,I-9,20,1,3/2/16,3109227.003,102977.0344,1,1,11.54227099,14.94988502,12.34591977,370090.1045,15.75980227,9165254.963,0.134,0.109,2.172978846,4,15.56760964
276,20.5,6,I-10,20,4.4,3/2/16,17370357.49,251821.8495,1,1,12.43648114,16.67027578,12.34591977,370090.1045,15.75980227,9165254.963,0.226,0.183,3.66487477,2,19.47572831
277,20.5,6,I-10,20,4.4,3/2/16,17370357.49,251821.8495,1,1,12.43648114,16.67027578,12.34591977,370090.1045,15.75980227,9165254.963,0.219,0.178,3.55136095,1,19.47572831
278,20.5,6,I-10,20,4.4,3/2/16,17370357.49,251821.8495,1,1,12.43648114,16.67027578,12.34591977,370090.1045,15.75980227,9165254.963,0.261,0.212,4.232443871,5,19.47572831
279,20.5,6,I-10,20,4.4,3/2/16,17370357.49,251821.8495,1,1,12.43648114,16.67027578,12.34591977,370090.1045,15.75980227,9165254.963,0.266,0.216,4.313525172,3,19.47572831
280,20.5,6,I-10,20,4.4,3/2/16,17370357.49,251821.8495,1,1,12.43648114,16.67027578,12.34591977,370090.1045,15.75980227,9165254.963,0.229,0.186,3.71352355,4,19.47572831
281,20.6,6,I-24,20,18.8,12/9/16,4887664.605,0,0,1,0,15.40222537,12.34591977,370090.1045,15.75980227,9165254.963,0.12,0.097,1.945951205,3,13.42706332
282,20.6,6,I-24,20,18.8,12/9/16,4887664.605,0,0,1,0,15.40222537,12.34591977,370090.1045,15.75980227,9165254.963,0.131,0.106,2.124330066,5,13.42706332
283,20.6,6,I-24,20,18.8,12/9/16,4887664.605,0,0,1,0,15.40222537,12.34591977,370090.1045,15.75980227,9165254.963,0.084,0.068,1.362165844,1,13.42706332
284,20.6,6,I-24,20,18.8,12/9/16,4887664.605,0,0,1,0,15.40222537,12.34591977,370090.1045,15.75980227,9165254.963,0.24,0.195,3.891902411,2,13.42706332
285,20.6,6,I-24,20,18.8,12/9/16,4887664.605,0,0,1,0,15.40222537,12.34591977,370090.1045,15.75980227,9165254.963,0.253,0.205,4.102713791,4,13.42706332
286,20.7,6,I-25,20,17.9,12/9/16,3269213.102,0,0,1,0,15.00006018,12.34591977,370090.1045,15.75980227,9165254.963,0.172,0.139,2.789196728,1,13.86490234
287,20.7,6,I-25,20,17.9,12/9/16,3269213.102,0,0,1,0,15.00006018,12.34591977,370090.1045,15.75980227,9165254.963,0.138,0.112,2.237843886,4,13.86490234
288,20.7,6,I-25,20,17.9,12/9/16,3269213.102,0,0,1,0,15.00006018,12.34591977,370090.1045,15.75980227,9165254.963,0.197,0.16,3.194603229,3,13.86490234
289,20.7,6,I-25,20,17.9,12/9/16,3269213.102,0,0,1,0,15.00006018,12.34591977,370090.1045,15.75980227,9165254.963,0.139,0.113,2.254060146,5,13.86490234
290,20.7,6,I-25,20,17.9,12/9/16,3269213.102,0,0,1,0,15.00006018,12.34591977,370090.1045,15.75980227,9165254.963,0.209,0.169,3.389198349,2,13.86490234
291,20.8,7,I-26,20,15.4,12/9/16,3506024.337,0,0,1,0,15.06999357,13.47125369,807859.8751,15.63118044,6362363.067,0.211,0.171,3.421630869,5,14.10814624
292,20.8,7,I-26,20,15.4,12/9/16,3506024.337,0,0,1,0,15.06999357,13.47125369,807859.8751,15.63118044,6362363.067,0.191,0.155,3.097305668,2,14.10814624
293,20.8,7,I-26,20,15.4,12/9/16,3506024.337,0,0,1,0,15.06999357,13.47125369,807859.8751,15.63118044,6362363.067,0.152,0.123,2.464871527,3,14.10814624
294,20.8,7,I-26,20,15.4,12/9/16,3506024.337,0,0,1,0,15.06999357,13.47125369,807859.8751,15.63118044,6362363.067,0.155,0.126,2.513520307,4,14.10814624
295,20.8,7,I-26,20,15.4,12/9/16,3506024.337,0,0,1,0,15.06999357,13.47125369,807859.8751,15.63118044,6362363.067,0.161,0.131,2.610817867,1,14.10814624
296,20.9,7,I-27,20,16.6,12/9/16,591355.9131,0,0,1,0,13.29017503,13.47125369,807859.8751,15.63118044,6362363.067,0.176,0.143,2.854061768,1,13.78382104
297,20.9,7,I-27,20,16.6,12/9/16,591355.9131,0,0,1,0,13.29017503,13.47125369,807859.8751,15.63118044,6362363.067,0.17,0.138,2.756764207,2,13.78382104
298,20.9,7,I-27,20,16.6,12/9/16,591355.9131,0,0,1,0,13.29017503,13.47125369,807859.8751,15.63118044,6362363.067,0.173,0.14,2.805412988,4,13.78382104
299,20.9,7,I-27,20,16.6,12/9/16,591355.9131,0,0,1,0,13.29017503,13.47125369,807859.8751,15.63118044,6362363.067,0.173,0.14,2.805412988,3,13.78382104
300,20.9,7,I-27,20,16.6,12/9/16,591355.9131,0,0,1,0,13.29017503,13.47125369,807859.8751,15.63118044,6362363.067,0.158,0.128,2.562169087,5,13.78382104
301,C.1,6,I-1,C,4.5,3/2/16,20311972.71,221396.4667,1,1,12.30771486,16.82672111,12.34591977,370090.1045,15.75980227,9165254.963,0.274,0.222,0,3,0
302,C.1,6,I-1,C,4.5,3/2/16,20311972.71,221396.4667,1,1,12.30771486,16.82672111,12.34591977,370090.1045,15.75980227,9165254.963,0.191,0.155,0,5,0
303,C.1,6,I-1,C,4.5,3/2/16,20311972.71,221396.4667,1,1,12.30771486,16.82672111,12.34591977,370090.1045,15.75980227,9165254.963,0.216,0.175,0,1,0
304,C.1,6,I-1,C,4.5,3/2/16,20311972.71,221396.4667,1,1,12.30771486,16.82672111,12.34591977,370090.1045,15.75980227,9165254.963,0.202,0.164,0,2,0
305,C.1,6,I-1,C,4.5,3/2/16,20311972.71,221396.4667,1,1,12.30771486,16.82672111,12.34591977,370090.1045,15.75980227,9165254.963,0.306,0.248,0,4,0
306,C.10,7,I-15,C,18.1,12/9/16,5481715.728,0,0,1,0,15.51692888,13.47125369,807859.8751,15.63118044,6362363.067,0.331,0.268,0,5,0
307,C.10,7,I-15,C,18.1,12/9/16,5481715.728,0,0,1,0,15.51692888,13.47125369,807859.8751,15.63118044,6362363.067,0.146,0.118,0,1,0
308,C.10,7,I-15,C,18.1,12/9/16,5481715.728,0,0,1,0,15.51692888,13.47125369,807859.8751,15.63118044,6362363.067,0.424,0.344,0,2,0
309,C.10,7,I-15,C,18.1,12/9/16,5481715.728,0,0,1,0,15.51692888,13.47125369,807859.8751,15.63118044,6362363.067,0.232,0.188,0,4,0
310,C.10,7,I-15,C,18.1,12/9/16,5481715.728,0,0,1,0,15.51692888,13.47125369,807859.8751,15.63118044,6362363.067,0.314,0.255,0,3,0
311,C.11,7,I-16,C,45.1,12/9/16,10967565.26,97047.90138,1,1,11.48297027,16.21045295,13.47125369,807859.8751,15.63118044,6362363.067,0.514,0.417,0,1,0
312,C.11,7,I-16,C,45.1,12/9/16,10967565.26,97047.90138,1,1,11.48297027,16.21045295,13.47125369,807859.8751,15.63118044,6362363.067,0.62,0.503,0,3,0
313,C.11,7,I-16,C,45.1,12/9/16,10967565.26,97047.90138,1,1,11.48297027,16.21045295,13.47125369,807859.8751,15.63118044,6362363.067,0.253,0.205,0,4,0
314,C.11,7,I-16,C,45.1,12/9/16,10967565.26,97047.90138,1,1,11.48297027,16.21045295,13.47125369,807859.8751,15.63118044,6362363.067,0.597,0.484,0,2,0
315,C.11,7,I-16,C,45.1,12/9/16,10967565.26,97047.90138,1,1,11.48297027,16.21045295,13.47125369,807859.8751,15.63118044,6362363.067,0.484,0.392,0,5,0
316,C.12,7,I-17,C,25.4,12/9/16,5052909.332,118075.6275,1,1,11.67908908,15.43547494,13.47125369,807859.8751,15.63118044,6362363.067,0.332,0.269,0,5,0
317,C.12,7,I-17,C,25.4,12/9/16,5052909.332,118075.6275,1,1,11.67908908,15.43547494,13.47125369,807859.8751,15.63118044,6362363.067,0.301,0.244,0,4,0
318,C.12,7,I-17,C,25.4,12/9/16,5052909.332,118075.6275,1,1,11.67908908,15.43547494,13.47125369,807859.8751,15.63118044,6362363.067,0.289,0.234,0,1,0
319,C.12,7,I-17,C,25.4,12/9/16,5052909.332,118075.6275,1,1,11.67908908,15.43547494,13.47125369,807859.8751,15.63118044,6362363.067,0.2693,0.218,0,2,0
320,C.12,7,I-17,C,25.4,12/9/16,5052909.332,118075.6275,1,1,11.67908908,15.43547494,13.47125369,807859.8751,15.63118044,6362363.067,0.373,0.302,0,3,0
321,C.13,7,I-18,C,43.4,12/9/16,2310276.872,0,0,1,0,14.65287837,13.47125369,807859.8751,15.63118044,6362363.067,0.238,0.193,0,1,0
322,C.13,7,I-18,C,43.4,12/9/16,2310276.872,0,0,1,0,14.65287837,13.47125369,807859.8751,15.63118044,6362363.067,0.343,0.278,0,3,0
323,C.13,7,I-18,C,43.4,12/9/16,2310276.872,0,0,1,0,14.65287837,13.47125369,807859.8751,15.63118044,6362363.067,0.248,0.201,0,5,0
324,C.13,7,I-18,C,43.4,12/9/16,2310276.872,0,0,1,0,14.65287837,13.47125369,807859.8751,15.63118044,6362363.067,0.316,0.256,0,4,0
325,C.13,7,I-18,C,43.4,12/9/16,2310276.872,0,0,1,0,14.65287837,13.47125369,807859.8751,15.63118044,6362363.067,0.3676,0.298,0,2,0
326,C.14,8,I-19,C,28,12/9/16,3162038.017,0,0,1,0,14.96672764,12.33162848,255931.745,15.03374972,3539671.489,0.265,0.215,0,3,0
327,C.14,8,I-19,C,28,12/9/16,3162038.017,0,0,1,0,14.96672764,12.33162848,255931.745,15.03374972,3539671.489,0.172,0.139,0,5,0
328,C.14,8,I-19,C,28,12/9/16,3162038.017,0,0,1,0,14.96672764,12.33162848,255931.745,15.03374972,3539671.489,0.178,0.144,0,1,0
329,C.14,8,I-19,C,28,12/9/16,3162038.017,0,0,1,0,14.96672764,12.33162848,255931.745,15.03374972,3539671.489,0.295,0.239,0,2,0
330,C.14,8,I-19,C,28,12/9/16,3162038.017,0,0,1,0,14.96672764,12.33162848,255931.745,15.03374972,3539671.489,0.217,0.176,0,4,0
331,C.17,8,I-20,C,30.2,12/9/16,8139160.281,0,0,1,0,15.9121977,12.33162848,255931.745,15.03374972,3539671.489,0.289,0.234,0,4,0
332,C.17,8,I-20,C,30.2,12/9/16,8139160.281,0,0,1,0,15.9121977,12.33162848,255931.745,15.03374972,3539671.489,0.38,0.308,0,3,0
333,C.17,8,I-20,C,30.2,12/9/16,8139160.281,0,0,1,0,15.9121977,12.33162848,255931.745,15.03374972,3539671.489,0.381,0.309,0,5,0
334,C.17,8,I-20,C,30.2,12/9/16,8139160.281,0,0,1,0,15.9121977,12.33162848,255931.745,15.03374972,3539671.489,0.402,0.326,0,2,0
335,C.17,8,I-20,C,30.2,12/9/16,8139160.281,0,0,1,0,15.9121977,12.33162848,255931.745,15.03374972,3539671.489,0.463,0.375,0,1,0
336,C.18,8,I-21,C,26.1,12/9/16,1070511.245,0,0,1,0,13.88364783,12.33162848,255931.745,15.03374972,3539671.489,0.349,0.283,0,3,0
337,C.18,8,I-21,C,26.1,12/9/16,1070511.245,0,0,1,0,13.88364783,12.33162848,255931.745,15.03374972,3539671.489,0.296,0.24,0,5,0
338,C.18,8,I-21,C,26.1,12/9/16,1070511.245,0,0,1,0,13.88364783,12.33162848,255931.745,15.03374972,3539671.489,0.107,0.087,0,1,0
339,C.18,8,I-21,C,26.1,12/9/16,1070511.245,0,0,1,0,13.88364783,12.33162848,255931.745,15.03374972,3539671.489,0.252,0.204,0,2,0
340,C.18,8,I-21,C,26.1,12/9/16,1070511.245,0,0,1,0,13.88364783,12.33162848,255931.745,15.03374972,3539671.489,0.337,0.273,0,4,0
341,C.19,8,I-22,C,11.4,12/9/16,3525534.276,0,0,1,0,15.07554283,12.33162848,255931.745,15.03374972,3539671.489,0.295,0.239,0,4,0
342,C.19,8,I-22,C,11.4,12/9/16,3525534.276,0,0,1,0,15.07554283,12.33162848,255931.745,15.03374972,3539671.489,0.301,0.244,0,5,0
343,C.19,8,I-22,C,11.4,12/9/16,3525534.276,0,0,1,0,15.07554283,12.33162848,255931.745,15.03374972,3539671.489,0.29,0.235,0,3,0
344,C.19,8,I-22,C,11.4,12/9/16,3525534.276,0,0,1,0,15.07554283,12.33162848,255931.745,15.03374972,3539671.489,0.4142,0.336,0,1,0
345,C.19,8,I-22,C,11.4,12/9/16,3525534.276,0,0,1,0,15.07554283,12.33162848,255931.745,15.03374972,3539671.489,0.137,0.111,0,2,0
346,C.2,6,I-2,C,3.8,3/2/16,10960470.99,133900.9605,1,1,11.80486317,16.2098059,12.34591977,370090.1045,15.75980227,9165254.963,0.341,0.276,0,5,0
347,C.2,6,I-2,C,3.8,3/2/16,10960470.99,133900.9605,1,1,11.80486317,16.2098059,12.34591977,370090.1045,15.75980227,9165254.963,0.405,0.328,0,2,0
348,C.2,6,I-2,C,3.8,3/2/16,10960470.99,133900.9605,1,1,11.80486317,16.2098059,12.34591977,370090.1045,15.75980227,9165254.963,0.341,0.276,0,1,0
349,C.2,6,I-2,C,3.8,3/2/16,10960470.99,133900.9605,1,1,11.80486317,16.2098059,12.34591977,370090.1045,15.75980227,9165254.963,0.368,0.298,0,3,0
350,C.2,6,I-2,C,3.8,3/2/16,10960470.99,133900.9605,1,1,11.80486317,16.2098059,12.34591977,370090.1045,15.75980227,9165254.963,0.242,0.196,0,4,0
351,C.20,8,I-23,C,26.3,12/9/16,2451250.545,37262.12333,1,1,10.52575947,14.71210929,12.33162848,255931.745,15.03374972,3539671.489,0.588,0.477,0,2,0
352,C.20,8,I-23,C,26.3,12/9/16,2451250.545,37262.12333,1,1,10.52575947,14.71210929,12.33162848,255931.745,15.03374972,3539671.489,0.443,0.359,0,4,0
353,C.20,8,I-23,C,26.3,12/9/16,2451250.545,37262.12333,1,1,10.52575947,14.71210929,12.33162848,255931.745,15.03374972,3539671.489,0.272,0.221,0,1,0
354,C.20,8,I-23,C,26.3,12/9/16,2451250.545,37262.12333,1,1,10.52575947,14.71210929,12.33162848,255931.745,15.03374972,3539671.489,0.56,0.454,0,3,0
355,C.20,8,I-23,C,26.3,12/9/16,2451250.545,37262.12333,1,1,10.52575947,14.71210929,12.33162848,255931.745,15.03374972,3539671.489,0.26,0.211,0,5,0
356,C.3,6,I-3,C,2.8,3/2/16,15678477.42,135470.3659,1,1,11.81651558,16.56779953,12.34591977,370090.1045,15.75980227,9165254.963,0.278,0.225,0,3,0
357,C.3,6,I-3,C,2.8,3/2/16,15678477.42,135470.3659,1,1,11.81651558,16.56779953,12.34591977,370090.1045,15.75980227,9165254.963,0.289,0.234,0,1,0
358,C.3,6,I-3,C,2.8,3/2/16,15678477.42,135470.3659,1,1,11.81651558,16.56779953,12.34591977,370090.1045,15.75980227,9165254.963,0.299,0.242,0,5,0
359,C.3,6,I-3,C,2.8,3/2/16,15678477.42,135470.3659,1,1,11.81651558,16.56779953,12.34591977,370090.1045,15.75980227,9165254.963,0.364,0.295,0,4,0
360,C.3,6,I-3,C,2.8,3/2/16,15678477.42,135470.3659,1,1,11.81651558,16.56779953,12.34591977,370090.1045,15.75980227,9165254.963,0.351,0.285,0,2,0
361,C.4,6,I-4,C,7.7,3/2/16,13496277.32,229951.6745,1,1,12.3456288,16.41792453,12.34591977,370090.1045,15.75980227,9165254.963,1.361,1.104,0,2,0
362,C.4,6,I-4,C,7.7,3/2/16,13496277.32,229951.6745,1,1,12.3456288,16.41792453,12.34591977,370090.1045,15.75980227,9165254.963,0.337,0.273,0,5,0
363,C.4,6,I-4,C,7.7,3/2/16,13496277.32,229951.6745,1,1,12.3456288,16.41792453,12.34591977,370090.1045,15.75980227,9165254.963,0.371,0.301,0,3,0
364,C.4,6,I-4,C,7.7,3/2/16,13496277.32,229951.6745,1,1,12.3456288,16.41792453,12.34591977,370090.1045,15.75980227,9165254.963,0.211,0.171,0,1,0
365,C.4,6,I-4,C,7.7,3/2/16,13496277.32,229951.6745,1,1,12.3456288,16.41792453,12.34591977,370090.1045,15.75980227,9165254.963,0.274,0.222,0,4,0
366,C.5,6,I-5,C,8.1,3/2/16,4480050.522,42700.94945,1,1,10.66199985,15.3151451,12.34591977,370090.1045,15.75980227,9165254.963,0.158,0.128,0,2,0
367,C.5,6,I-5,C,8.1,3/2/16,4480050.522,42700.94945,1,1,10.66199985,15.3151451,12.34591977,370090.1045,15.75980227,9165254.963,0.224,0.182,0,1,0
368,C.5,6,I-5,C,8.1,3/2/16,4480050.522,42700.94945,1,1,10.66199985,15.3151451,12.34591977,370090.1045,15.75980227,9165254.963,0.286,0.232,0,5,0
369,C.5,6,I-5,C,8.1,3/2/16,4480050.522,42700.94945,1,1,10.66199985,15.3151451,12.34591977,370090.1045,15.75980227,9165254.963,0.409,0.332,0,4,0
370,C.5,6,I-5,C,8.1,3/2/16,4480050.522,42700.94945,1,1,10.66199985,15.3151451,12.34591977,370090.1045,15.75980227,9165254.963,0.202,0.164,0,3,0
371,C.6,6,I-11,C,19.3,12/9/16,3512197.467,0,0,1,0,15.07175274,12.34591977,370090.1045,15.75980227,9165254.963,0.317,0.257,0,3,0
372,C.6,6,I-11,C,19.3,12/9/16,3512197.467,0,0,1,0,15.07175274,12.34591977,370090.1045,15.75980227,9165254.963,0.23,0.186,0,1,0
373,C.6,6,I-11,C,19.3,12/9/16,3512197.467,0,0,1,0,15.07175274,12.34591977,370090.1045,15.75980227,9165254.963,0.233,0.189,0,2,0
374,C.6,6,I-11,C,19.3,12/9/16,3512197.467,0,0,1,0,15.07175274,12.34591977,370090.1045,15.75980227,9165254.963,0.447,0.362,0,5,0
375,C.6,6,I-11,C,19.3,12/9/16,3512197.467,0,0,1,0,15.07175274,12.34591977,370090.1045,15.75980227,9165254.963,0.136,0.11,0,4,0
376,C.7,7,I-12,C,16.3,12/9/16,3569485.599,0,0,1,0,15.08793233,13.47125369,807859.8751,15.63118044,6362363.067,0.253,0.205,0,3,0
377,C.7,7,I-12,C,16.3,12/9/16,3569485.599,0,0,1,0,15.08793233,13.47125369,807859.8751,15.63118044,6362363.067,0.157,0.127,0,1,0
378,C.7,7,I-12,C,16.3,12/9/16,3569485.599,0,0,1,0,15.08793233,13.47125369,807859.8751,15.63118044,6362363.067,0.345,0.28,0,5,0
379,C.7,7,I-12,C,16.3,12/9/16,3569485.599,0,0,1,0,15.08793233,13.47125369,807859.8751,15.63118044,6362363.067,0.2856,0.232,0,2,0
380,C.7,7,I-12,C,16.3,12/9/16,3569485.599,0,0,1,0,15.08793233,13.47125369,807859.8751,15.63118044,6362363.067,0.184,0.149,0,4,0
381,C.8,7,I-13,C,23.3,12/9/16,4078782.515,0,0,1,0,15.22130934,13.47125369,807859.8751,15.63118044,6362363.067,0.249,0.202,0,1,0
382,C.8,7,I-13,C,23.3,12/9/16,4078782.515,0,0,1,0,15.22130934,13.47125369,807859.8751,15.63118044,6362363.067,0.291,0.236,0,5,0
383,C.8,7,I-13,C,23.3,12/9/16,4078782.515,0,0,1,0,15.22130934,13.47125369,807859.8751,15.63118044,6362363.067,0.416,0.337,0,2,0
384,C.8,7,I-13,C,23.3,12/9/16,4078782.515,0,0,1,0,15.22130934,13.47125369,807859.8751,15.63118044,6362363.067,0.4,0.324,0,4,0
385,C.8,7,I-13,C,23.3,12/9/16,4078782.515,0,0,1,0,15.22130934,13.47125369,807859.8751,15.63118044,6362363.067,0.308,0.25,0,3,0
386,C.9,7,I-14,C,13.9,12/9/16,18360123.95,0,0,1,0,16.72569175,13.47125369,807859.8751,15.63118044,6362363.067,0.436,0.354,0,1,0
387,C.9,7,I-14,C,13.9,12/9/16,18360123.95,0,0,1,0,16.72569175,13.47125369,807859.8751,15.63118044,6362363.067,0.374,0.303,0,3,0
388,C.9,7,I-14,C,13.9,12/9/16,18360123.95,0,0,1,0,16.72569175,13.47125369,807859.8751,15.63118044,6362363.067,0.551,0.447,0,2,0
389,C.9,7,I-14,C,13.9,12/9/16,18360123.95,0,0,1,0,16.72569175,13.47125369,807859.8751,15.63118044,6362363.067,0.456,0.37,0,4,0
390,C.9,7,I-14,C,13.9,12/9/16,18360123.95,0,0,1,0,16.72569175,13.47125369,807859.8751,15.63118044,6362363.067,0.312,0.253,0,5,0